BLOCK_TIMESTAMP,FROM_ADDRESS,TO_ADDRESS,VALUE,TRANSACTION_HASH,NONCE,FROM_ADDRESS_BLOCKCHAIN,TO_ADDRESS_BLOCKCHAIN,GAS,RECEIPT_GAS_USED,ADDRESS_COMUM
2023-03-31 01:00:23.000000 UTC,0x0000000000000000000000000000000000000000,0x2778d8ca0807b2cebc3472167076ba0198d90fc6,6,0x9ad6789c40a0c68432aa8d1ea98cf955de06794353b226dc5247e08d378e0540,125,0x2778d8ca0807b2cebc3472167076ba0198d90fc6,0x00005ea00ac477b1030ce78506496e8c2de24bf5,156670,112761,0xe14320d9bd60a137ec0fe23cef8ecbac9041d3aa
2023-03-31 01:00:23.000000 UTC,0x0000000000000000000000000000000000000000,0xd6bc26db9cca5b2093941391a3d5b8cf8dc142c5,4,0xb1b82a0f428228f017b849565b423f1bf74335d0093dc0e0a72c6b823afd3dc5,46,0xd6bc26db9cca5b2093941391a3d5b8cf8dc142c5,0x00005ea00ac477b1030ce78506496e8c2de24bf5,166743,120509,0xe14320d9bd60a137ec0fe23cef8ecbac9041d3aa
2023-03-31 01:00:23.000000 UTC,0x0000000000000000000000000000000000000000,0xd6bc26db9cca5b2093941391a3d5b8cf8dc142c5,3,0xb1b82a0f428228f017b849565b423f1bf74335d0093dc0e0a72c6b823afd3dc5,46,0xd6bc26db9cca5b2093941391a3d5b8cf8dc142c5,0x00005ea00ac477b1030ce78506496e8c2de24bf5,166743,120509,0xe14320d9bd60a137ec0fe23cef8ecbac9041d3aa
2023-03-31 01:00:23.000000 UTC,0x0000000000000000000000000000000000000000,0xd6bc26db9cca5b2093941391a3d5b8cf8dc142c5,2,0xb1b82a0f428228f017b849565b423f1bf74335d0093dc0e0a72c6b823afd3dc5,46,0xd6bc26db9cca5b2093941391a3d5b8cf8dc142c5,0x00005ea00ac477b1030ce78506496e8c2de24bf5,166743,120509,0xe14320d9bd60a137ec0fe23cef8ecbac9041d3aa
2023-03-31 01:00:23.000000 UTC,0x0000000000000000000000000000000000000000,0xd6bc26db9cca5b2093941391a3d5b8cf8dc142c5,5,0xb1b82a0f428228f017b849565b423f1bf74335d0093dc0e0a72c6b823afd3dc5,46,0xd6bc26db9cca5b2093941391a3d5b8cf8dc142c5,0x00005ea00ac477b1030ce78506496e8c2de24bf5,166743,120509,0xe14320d9bd60a137ec0fe23cef8ecbac9041d3aa
2023-03-31 01:00:23.000000 UTC,0x0000000000000000000000000000000000000000,0xd6bc26db9cca5b2093941391a3d5b8cf8dc142c5,1,0xb1b82a0f428228f017b849565b423f1bf74335d0093dc0e0a72c6b823afd3dc5,46,0xd6bc26db9cca5b2093941391a3d5b8cf8dc142c5,0x00005ea00ac477b1030ce78506496e8c2de24bf5,166743,120509,0xe14320d9bd60a137ec0fe23cef8ecbac9041d3aa
2023-03-31 01:00:23.000000 UTC,0x0000000000000000000000000000000000000000,0x119011594b746124f03deff4240315bbd70308b8,10,0x4f0c38d72cd64f9686db696a37972e23a778260760de25e70f28acd3f856c095,104,0x119011594b746124f03deff4240315bbd70308b8,0x00005ea00ac477b1030ce78506496e8c2de24bf5,156686,112773,0xe14320d9bd60a137ec0fe23cef8ecbac9041d3aa
2023-03-31 01:00:23.000000 UTC,0x0000000000000000000000000000000000000000,0xb12c3dfd10d6cafcaa54c97cb0b60971c921d62f,8,0xa1302644c5d9acda2b7381b32925474c2511ec728a66f8e9eacd91a1b0a99f90,110,0xb12c3dfd10d6cafcaa54c97cb0b60971c921d62f,0x00005ea00ac477b1030ce78506496e8c2de24bf5,161683,116617,0xe14320d9bd60a137ec0fe23cef8ecbac9041d3aa
2023-03-31 01:00:23.000000 UTC,0x0000000000000000000000000000000000000000,0xb12c3dfd10d6cafcaa54c97cb0b60971c921d62f,7,0xa1302644c5d9acda2b7381b32925474c2511ec728a66f8e9eacd91a1b0a99f90,110,0xb12c3dfd10d6cafcaa54c97cb0b60971c921d62f,0x00005ea00ac477b1030ce78506496e8c2de24bf5,161683,116617,0xe14320d9bd60a137ec0fe23cef8ecbac9041d3aa
2023-03-31 01:00:23.000000 UTC,0x0000000000000000000000000000000000000000,0xb12c3dfd10d6cafcaa54c97cb0b60971c921d62f,9,0xa1302644c5d9acda2b7381b32925474c2511ec728a66f8e9eacd91a1b0a99f90,110,0xb12c3dfd10d6cafcaa54c97cb0b60971c921d62f,0x00005ea00ac477b1030ce78506496e8c2de24bf5,161683,116617,0xe14320d9bd60a137ec0fe23cef8ecbac9041d3aa
2023-03-31 01:00:35.000000 UTC,0x0000000000000000000000000000000000000000,0x5bf21679accbc28c68dfdfc4c5cae38935a76889,14,0xa8f656a1c814e4db0d7d69ebf97384d9b1a0b404ae0d3d5359def85f44af5275,19,0x5bf21679accbc28c68dfdfc4c5cae38935a76889,0x00005ea00ac477b1030ce78506496e8c2de24bf5,156663,112755,0xe14320d9bd60a137ec0fe23cef8ecbac9041d3aa
2023-03-31 01:00:35.000000 UTC,0x0000000000000000000000000000000000000000,0x72923e26dca1bd6b70833aec7b563c1446e2db5d,15,0x7ac82276c22f5c233297012a9976b658cc3e36fa60deee71cd50f5e93e7f68bf,1,0x72923e26dca1bd6b70833aec7b563c1446e2db5d,0x00005ea00ac477b1030ce78506496e8c2de24bf5,156678,112767,0xe14320d9bd60a137ec0fe23cef8ecbac9041d3aa
2023-03-31 01:00:35.000000 UTC,0x0000000000000000000000000000000000000000,0xc1b57f2c5962b07767d7531e91185405a84752f8,11,0xd19acde43f8a987bc47a89f7f499e4ffc2180ffe27d569013c8e6ddf8b5a743e,9,0xc1b57f2c5962b07767d7531e91185405a84752f8,0x00005ea00ac477b1030ce78506496e8c2de24bf5,159162,114678,0xe14320d9bd60a137ec0fe23cef8ecbac9041d3aa
2023-03-31 01:00:35.000000 UTC,0x0000000000000000000000000000000000000000,0xc1b57f2c5962b07767d7531e91185405a84752f8,12,0xd19acde43f8a987bc47a89f7f499e4ffc2180ffe27d569013c8e6ddf8b5a743e,9,0xc1b57f2c5962b07767d7531e91185405a84752f8,0x00005ea00ac477b1030ce78506496e8c2de24bf5,159162,114678,0xe14320d9bd60a137ec0fe23cef8ecbac9041d3aa
2023-03-31 01:00:35.000000 UTC,0x0000000000000000000000000000000000000000,0x565fa474233fc1a4c5a9b402d9dad92a84889a0a,13,0x074286be0b80a3b96ca94363b9b4307e57eb97769a840b5d2c48a31f67ddc109,132,0x565fa474233fc1a4c5a9b402d9dad92a84889a0a,0x00005ea00ac477b1030ce78506496e8c2de24bf5,156691,112777,0xe14320d9bd60a137ec0fe23cef8ecbac9041d3aa
2023-03-31 01:00:47.000000 UTC,0x0000000000000000000000000000000000000000,0x81c20dae3aa6dd92c8557746ad9ff4312f954777,16,0x2d4bad62f1618781315c72c9b8b04e388523daffed8e0fc63920b9a771106539,382,0x81c20dae3aa6dd92c8557746ad9ff4312f954777,0x00005ea00ac477b1030ce78506496e8c2de24bf5,156704,112787,0xe14320d9bd60a137ec0fe23cef8ecbac9041d3aa
2023-03-31 01:00:59.000000 UTC,0x0000000000000000000000000000000000000000,0x3cbbea8aaed2e01414774aa039c8afd9ea76d322,17,0x080e2e39adae1a771b4f27ce8befd8d25a1db2985c1b146fbe11e4be09e3bb9f,2,0x3cbbea8aaed2e01414774aa039c8afd9ea76d322,0x00005ea00ac477b1030ce78506496e8c2de24bf5,156618,112721,0xe14320d9bd60a137ec0fe23cef8ecbac9041d3aa
2023-03-31 01:01:11.000000 UTC,0x0000000000000000000000000000000000000000,0x2778d8ca0807b2cebc3472167076ba0198d90fc6,18,0xfad07c4a05d3f18de3f1d4bc678a3060ee2c35132d743a15179eb29f2467e4dd,126,0x2778d8ca0807b2cebc3472167076ba0198d90fc6,0x00005ea00ac477b1030ce78506496e8c2de24bf5,134440,95661,0xe14320d9bd60a137ec0fe23cef8ecbac9041d3aa
2023-03-31 01:01:23.000000 UTC,0x0000000000000000000000000000000000000000,0x7101a39c053954e3e7fd010fdf3f6ef6bdbcbde0,19,0x113f3d32a5fbcdd9258647a0f0ccc65d37c3ec5f5b0e320f244101adc064a4a7,2518,0x7101a39c053954e3e7fd010fdf3f6ef6bdbcbde0,0x00005ea00ac477b1030ce78506496e8c2de24bf5,171821,124415,0xe14320d9bd60a137ec0fe23cef8ecbac9041d3aa
2023-03-31 01:01:23.000000 UTC,0x0000000000000000000000000000000000000000,0x7101a39c053954e3e7fd010fdf3f6ef6bdbcbde0,20,0x113f3d32a5fbcdd9258647a0f0ccc65d37c3ec5f5b0e320f244101adc064a4a7,2518,0x7101a39c053954e3e7fd010fdf3f6ef6bdbcbde0,0x00005ea00ac477b1030ce78506496e8c2de24bf5,171821,124415,0xe14320d9bd60a137ec0fe23cef8ecbac9041d3aa
2023-03-31 01:01:23.000000 UTC,0x0000000000000000000000000000000000000000,0x7101a39c053954e3e7fd010fdf3f6ef6bdbcbde0,24,0x113f3d32a5fbcdd9258647a0f0ccc65d37c3ec5f5b0e320f244101adc064a4a7,2518,0x7101a39c053954e3e7fd010fdf3f6ef6bdbcbde0,0x00005ea00ac477b1030ce78506496e8c2de24bf5,171821,124415,0xe14320d9bd60a137ec0fe23cef8ecbac9041d3aa
2023-03-31 01:01:23.000000 UTC,0x0000000000000000000000000000000000000000,0x7101a39c053954e3e7fd010fdf3f6ef6bdbcbde0,22,0x113f3d32a5fbcdd9258647a0f0ccc65d37c3ec5f5b0e320f244101adc064a4a7,2518,0x7101a39c053954e3e7fd010fdf3f6ef6bdbcbde0,0x00005ea00ac477b1030ce78506496e8c2de24bf5,171821,124415,0xe14320d9bd60a137ec0fe23cef8ecbac9041d3aa
2023-03-31 01:01:23.000000 UTC,0x0000000000000000000000000000000000000000,0x7101a39c053954e3e7fd010fdf3f6ef6bdbcbde0,23,0x113f3d32a5fbcdd9258647a0f0ccc65d37c3ec5f5b0e320f244101adc064a4a7,2518,0x7101a39c053954e3e7fd010fdf3f6ef6bdbcbde0,0x00005ea00ac477b1030ce78506496e8c2de24bf5,171821,124415,0xe14320d9bd60a137ec0fe23cef8ecbac9041d3aa
2023-03-31 01:01:23.000000 UTC,0x0000000000000000000000000000000000000000,0x7101a39c053954e3e7fd010fdf3f6ef6bdbcbde0,25,0x113f3d32a5fbcdd9258647a0f0ccc65d37c3ec5f5b0e320f244101adc064a4a7,2518,0x7101a39c053954e3e7fd010fdf3f6ef6bdbcbde0,0x00005ea00ac477b1030ce78506496e8c2de24bf5,171821,124415,0xe14320d9bd60a137ec0fe23cef8ecbac9041d3aa
2023-03-31 01:01:23.000000 UTC,0x0000000000000000000000000000000000000000,0x7101a39c053954e3e7fd010fdf3f6ef6bdbcbde0,21,0x113f3d32a5fbcdd9258647a0f0ccc65d37c3ec5f5b0e320f244101adc064a4a7,2518,0x7101a39c053954e3e7fd010fdf3f6ef6bdbcbde0,0x00005ea00ac477b1030ce78506496e8c2de24bf5,171821,124415,0xe14320d9bd60a137ec0fe23cef8ecbac9041d3aa
2023-03-31 01:01:23.000000 UTC,0x0000000000000000000000000000000000000000,0x04d5006fe45dc720504b04845b1ae973769d80d5,27,0x193a0802a631d12b3322508051a87dc4508d389495cce6fc8da9c88433407dc1,24,0x04d5006fe45dc720504b04845b1ae973769d80d5,0x00005ea00ac477b1030ce78506496e8c2de24bf5,156678,112767,0xe14320d9bd60a137ec0fe23cef8ecbac9041d3aa
2023-03-31 01:01:23.000000 UTC,0x0000000000000000000000000000000000000000,0xc9c6d59a0e6d18e99872b36584957dbd57814e98,26,0x126fcf90d6af8de479b7ac5288915016f1400cbab3905d1a9d2011f0558c9b8a,89,0xc9c6d59a0e6d18e99872b36584957dbd57814e98,0x00005ea00ac477b1030ce78506496e8c2de24bf5,156634,112733,0xe14320d9bd60a137ec0fe23cef8ecbac9041d3aa
2023-03-31 01:01:35.000000 UTC,0x0000000000000000000000000000000000000000,0x2a435fdc12d09762c71fa188782bda1496127a61,29,0x4db3032c232c93ad3900e5b21e94e7597c83ea86e4103020ce8d33b340462286,170,0x2a435fdc12d09762c71fa188782bda1496127a61,0x00005ea00ac477b1030ce78506496e8c2de24bf5,161740,116661,0xe14320d9bd60a137ec0fe23cef8ecbac9041d3aa
2023-03-31 01:01:35.000000 UTC,0x0000000000000000000000000000000000000000,0x2a435fdc12d09762c71fa188782bda1496127a61,28,0x4db3032c232c93ad3900e5b21e94e7597c83ea86e4103020ce8d33b340462286,170,0x2a435fdc12d09762c71fa188782bda1496127a61,0x00005ea00ac477b1030ce78506496e8c2de24bf5,161740,116661,0xe14320d9bd60a137ec0fe23cef8ecbac9041d3aa
2023-03-31 01:01:35.000000 UTC,0x0000000000000000000000000000000000000000,0x2a435fdc12d09762c71fa188782bda1496127a61,30,0x4db3032c232c93ad3900e5b21e94e7597c83ea86e4103020ce8d33b340462286,170,0x2a435fdc12d09762c71fa188782bda1496127a61,0x00005ea00ac477b1030ce78506496e8c2de24bf5,161740,116661,0xe14320d9bd60a137ec0fe23cef8ecbac9041d3aa
2023-03-31 01:01:47.000000 UTC,0x0000000000000000000000000000000000000000,0x792ff84deadeda38a3888708c74f9abc83bff59b,33,0x9d46188131568cebc2fe761edcddebcf96d51b4dd212bef1b42fba2e781a0d00,4,0x792ff84deadeda38a3888708c74f9abc83bff59b,0x00005ea00ac477b1030ce78506496e8c2de24bf5,161746,116665,0xe14320d9bd60a137ec0fe23cef8ecbac9041d3aa
2023-03-31 01:01:47.000000 UTC,0x0000000000000000000000000000000000000000,0x792ff84deadeda38a3888708c74f9abc83bff59b,31,0x9d46188131568cebc2fe761edcddebcf96d51b4dd212bef1b42fba2e781a0d00,4,0x792ff84deadeda38a3888708c74f9abc83bff59b,0x00005ea00ac477b1030ce78506496e8c2de24bf5,161746,116665,0xe14320d9bd60a137ec0fe23cef8ecbac9041d3aa
2023-03-31 01:01:47.000000 UTC,0x0000000000000000000000000000000000000000,0x792ff84deadeda38a3888708c74f9abc83bff59b,32,0x9d46188131568cebc2fe761edcddebcf96d51b4dd212bef1b42fba2e781a0d00,4,0x792ff84deadeda38a3888708c74f9abc83bff59b,0x00005ea00ac477b1030ce78506496e8c2de24bf5,161746,116665,0xe14320d9bd60a137ec0fe23cef8ecbac9041d3aa
2023-03-31 01:01:59.000000 UTC,0x0000000000000000000000000000000000000000,0x3d47839a999498585f5dec7220a6bb6ac35cf331,34,0x63ea3e3021efc0f0cdd846a47f2d5393711a7200f9db82a913701d16e6fb276b,65,0x3d47839a999498585f5dec7220a6bb6ac35cf331,0x00005ea00ac477b1030ce78506496e8c2de24bf5,159170,114684,0xe14320d9bd60a137ec0fe23cef8ecbac9041d3aa
2023-03-31 01:01:59.000000 UTC,0x0000000000000000000000000000000000000000,0x3d47839a999498585f5dec7220a6bb6ac35cf331,35,0x63ea3e3021efc0f0cdd846a47f2d5393711a7200f9db82a913701d16e6fb276b,65,0x3d47839a999498585f5dec7220a6bb6ac35cf331,0x00005ea00ac477b1030ce78506496e8c2de24bf5,159170,114684,0xe14320d9bd60a137ec0fe23cef8ecbac9041d3aa
2023-03-31 01:02:35.000000 UTC,0x0000000000000000000000000000000000000000,0x484e3b91ab97761fc416cd6b5ceae2e6f33e6170,36,0xd0bceee50173a1a48df15afe66e77f4775c67310299da97585d0fb62e71a4112,33,0x484e3b91ab97761fc416cd6b5ceae2e6f33e6170,0x00005ea00ac477b1030ce78506496e8c2de24bf5,156704,112787,0xe14320d9bd60a137ec0fe23cef8ecbac9041d3aa
2023-03-31 01:02:35.000000 UTC,0x0000000000000000000000000000000000000000,0xfcace11273c57945a8d36331b640ffd6bd685b3b,39,0x652d36e6a2a36e16d0ce6d903911ceedd1d85ef01be0dc4c681e17d24abe4486,141,0xfcace11273c57945a8d36331b640ffd6bd685b3b,0x00005ea00ac477b1030ce78506496e8c2de24bf5,156665,112757,0xe14320d9bd60a137ec0fe23cef8ecbac9041d3aa
2023-03-31 01:02:35.000000 UTC,0x0000000000000000000000000000000000000000,0x664904e33d17ff8a785a867f1a374838fd4d0815,37,0x01c2b159fbb96d0e9e0154a61154d30f076ee6a202f2b24af82e04c889231305,5,0x664904e33d17ff8a785a867f1a374838fd4d0815,0x00005ea00ac477b1030ce78506496e8c2de24bf5,156702,112785,0xe14320d9bd60a137ec0fe23cef8ecbac9041d3aa
2023-03-31 01:02:35.000000 UTC,0x0000000000000000000000000000000000000000,0x2778d8ca0807b2cebc3472167076ba0198d90fc6,38,0x8ea8d52b8094823c43b53564feb72fdc8abebcb9cacd6777911a3692169326d4,127,0x2778d8ca0807b2cebc3472167076ba0198d90fc6,0x00005ea00ac477b1030ce78506496e8c2de24bf5,134440,95661,0xe14320d9bd60a137ec0fe23cef8ecbac9041d3aa
2023-03-31 01:02:47.000000 UTC,0x0000000000000000000000000000000000000000,0xb40832805fc01ea06c045b47e675e3940a5bf2b5,62,0xf93dfd96fa750030b5e0b3f8deef9d8adcb8a81d939a5ce6467ac9949fd8939b,115,0xb40832805fc01ea06c045b47e675e3940a5bf2b5,0x00005ea00ac477b1030ce78506496e8c2de24bf5,279823,207494,0xe14320d9bd60a137ec0fe23cef8ecbac9041d3aa
2023-03-31 01:02:47.000000 UTC,0x0000000000000000000000000000000000000000,0xb40832805fc01ea06c045b47e675e3940a5bf2b5,48,0xf93dfd96fa750030b5e0b3f8deef9d8adcb8a81d939a5ce6467ac9949fd8939b,115,0xb40832805fc01ea06c045b47e675e3940a5bf2b5,0x00005ea00ac477b1030ce78506496e8c2de24bf5,279823,207494,0xe14320d9bd60a137ec0fe23cef8ecbac9041d3aa
2023-03-31 01:02:47.000000 UTC,0x0000000000000000000000000000000000000000,0xb40832805fc01ea06c045b47e675e3940a5bf2b5,40,0xf93dfd96fa750030b5e0b3f8deef9d8adcb8a81d939a5ce6467ac9949fd8939b,115,0xb40832805fc01ea06c045b47e675e3940a5bf2b5,0x00005ea00ac477b1030ce78506496e8c2de24bf5,279823,207494,0xe14320d9bd60a137ec0fe23cef8ecbac9041d3aa
2023-03-31 01:02:47.000000 UTC,0x0000000000000000000000000000000000000000,0xb40832805fc01ea06c045b47e675e3940a5bf2b5,70,0xf93dfd96fa750030b5e0b3f8deef9d8adcb8a81d939a5ce6467ac9949fd8939b,115,0xb40832805fc01ea06c045b47e675e3940a5bf2b5,0x00005ea00ac477b1030ce78506496e8c2de24bf5,279823,207494,0xe14320d9bd60a137ec0fe23cef8ecbac9041d3aa
2023-03-31 01:02:47.000000 UTC,0x0000000000000000000000000000000000000000,0xb40832805fc01ea06c045b47e675e3940a5bf2b5,85,0xf93dfd96fa750030b5e0b3f8deef9d8adcb8a81d939a5ce6467ac9949fd8939b,115,0xb40832805fc01ea06c045b47e675e3940a5bf2b5,0x00005ea00ac477b1030ce78506496e8c2de24bf5,279823,207494,0xe14320d9bd60a137ec0fe23cef8ecbac9041d3aa
2023-03-31 01:02:47.000000 UTC,0x0000000000000000000000000000000000000000,0xb40832805fc01ea06c045b47e675e3940a5bf2b5,74,0xf93dfd96fa750030b5e0b3f8deef9d8adcb8a81d939a5ce6467ac9949fd8939b,115,0xb40832805fc01ea06c045b47e675e3940a5bf2b5,0x00005ea00ac477b1030ce78506496e8c2de24bf5,279823,207494,0xe14320d9bd60a137ec0fe23cef8ecbac9041d3aa
2023-03-31 01:02:47.000000 UTC,0x0000000000000000000000000000000000000000,0xb40832805fc01ea06c045b47e675e3940a5bf2b5,71,0xf93dfd96fa750030b5e0b3f8deef9d8adcb8a81d939a5ce6467ac9949fd8939b,115,0xb40832805fc01ea06c045b47e675e3940a5bf2b5,0x00005ea00ac477b1030ce78506496e8c2de24bf5,279823,207494,0xe14320d9bd60a137ec0fe23cef8ecbac9041d3aa
2023-03-31 01:02:47.000000 UTC,0x0000000000000000000000000000000000000000,0xb40832805fc01ea06c045b47e675e3940a5bf2b5,83,0xf93dfd96fa750030b5e0b3f8deef9d8adcb8a81d939a5ce6467ac9949fd8939b,115,0xb40832805fc01ea06c045b47e675e3940a5bf2b5,0x00005ea00ac477b1030ce78506496e8c2de24bf5,279823,207494,0xe14320d9bd60a137ec0fe23cef8ecbac9041d3aa
2023-03-31 01:02:47.000000 UTC,0x0000000000000000000000000000000000000000,0xb40832805fc01ea06c045b47e675e3940a5bf2b5,54,0xf93dfd96fa750030b5e0b3f8deef9d8adcb8a81d939a5ce6467ac9949fd8939b,115,0xb40832805fc01ea06c045b47e675e3940a5bf2b5,0x00005ea00ac477b1030ce78506496e8c2de24bf5,279823,207494,0xe14320d9bd60a137ec0fe23cef8ecbac9041d3aa
2023-03-31 01:02:47.000000 UTC,0x0000000000000000000000000000000000000000,0xb40832805fc01ea06c045b47e675e3940a5bf2b5,41,0xf93dfd96fa750030b5e0b3f8deef9d8adcb8a81d939a5ce6467ac9949fd8939b,115,0xb40832805fc01ea06c045b47e675e3940a5bf2b5,0x00005ea00ac477b1030ce78506496e8c2de24bf5,279823,207494,0xe14320d9bd60a137ec0fe23cef8ecbac9041d3aa
2023-03-31 01:02:47.000000 UTC,0x0000000000000000000000000000000000000000,0xb40832805fc01ea06c045b47e675e3940a5bf2b5,49,0xf93dfd96fa750030b5e0b3f8deef9d8adcb8a81d939a5ce6467ac9949fd8939b,115,0xb40832805fc01ea06c045b47e675e3940a5bf2b5,0x00005ea00ac477b1030ce78506496e8c2de24bf5,279823,207494,0xe14320d9bd60a137ec0fe23cef8ecbac9041d3aa
2023-03-31 01:02:47.000000 UTC,0x0000000000000000000000000000000000000000,0xb40832805fc01ea06c045b47e675e3940a5bf2b5,61,0xf93dfd96fa750030b5e0b3f8deef9d8adcb8a81d939a5ce6467ac9949fd8939b,115,0xb40832805fc01ea06c045b47e675e3940a5bf2b5,0x00005ea00ac477b1030ce78506496e8c2de24bf5,279823,207494,0xe14320d9bd60a137ec0fe23cef8ecbac9041d3aa
2023-03-31 01:02:47.000000 UTC,0x0000000000000000000000000000000000000000,0xb40832805fc01ea06c045b47e675e3940a5bf2b5,66,0xf93dfd96fa750030b5e0b3f8deef9d8adcb8a81d939a5ce6467ac9949fd8939b,115,0xb40832805fc01ea06c045b47e675e3940a5bf2b5,0x00005ea00ac477b1030ce78506496e8c2de24bf5,279823,207494,0xe14320d9bd60a137ec0fe23cef8ecbac9041d3aa
2023-03-31 01:02:47.000000 UTC,0x0000000000000000000000000000000000000000,0xb40832805fc01ea06c045b47e675e3940a5bf2b5,72,0xf93dfd96fa750030b5e0b3f8deef9d8adcb8a81d939a5ce6467ac9949fd8939b,115,0xb40832805fc01ea06c045b47e675e3940a5bf2b5,0x00005ea00ac477b1030ce78506496e8c2de24bf5,279823,207494,0xe14320d9bd60a137ec0fe23cef8ecbac9041d3aa
2023-03-31 01:02:47.000000 UTC,0x0000000000000000000000000000000000000000,0xb40832805fc01ea06c045b47e675e3940a5bf2b5,42,0xf93dfd96fa750030b5e0b3f8deef9d8adcb8a81d939a5ce6467ac9949fd8939b,115,0xb40832805fc01ea06c045b47e675e3940a5bf2b5,0x00005ea00ac477b1030ce78506496e8c2de24bf5,279823,207494,0xe14320d9bd60a137ec0fe23cef8ecbac9041d3aa
2023-03-31 01:02:47.000000 UTC,0x0000000000000000000000000000000000000000,0xb40832805fc01ea06c045b47e675e3940a5bf2b5,58,0xf93dfd96fa750030b5e0b3f8deef9d8adcb8a81d939a5ce6467ac9949fd8939b,115,0xb40832805fc01ea06c045b47e675e3940a5bf2b5,0x00005ea00ac477b1030ce78506496e8c2de24bf5,279823,207494,0xe14320d9bd60a137ec0fe23cef8ecbac9041d3aa
2023-03-31 01:02:47.000000 UTC,0x0000000000000000000000000000000000000000,0xb40832805fc01ea06c045b47e675e3940a5bf2b5,47,0xf93dfd96fa750030b5e0b3f8deef9d8adcb8a81d939a5ce6467ac9949fd8939b,115,0xb40832805fc01ea06c045b47e675e3940a5bf2b5,0x00005ea00ac477b1030ce78506496e8c2de24bf5,279823,207494,0xe14320d9bd60a137ec0fe23cef8ecbac9041d3aa
2023-03-31 01:02:47.000000 UTC,0x0000000000000000000000000000000000000000,0xb40832805fc01ea06c045b47e675e3940a5bf2b5,50,0xf93dfd96fa750030b5e0b3f8deef9d8adcb8a81d939a5ce6467ac9949fd8939b,115,0xb40832805fc01ea06c045b47e675e3940a5bf2b5,0x00005ea00ac477b1030ce78506496e8c2de24bf5,279823,207494,0xe14320d9bd60a137ec0fe23cef8ecbac9041d3aa
2023-03-31 01:02:47.000000 UTC,0x0000000000000000000000000000000000000000,0xb40832805fc01ea06c045b47e675e3940a5bf2b5,80,0xf93dfd96fa750030b5e0b3f8deef9d8adcb8a81d939a5ce6467ac9949fd8939b,115,0xb40832805fc01ea06c045b47e675e3940a5bf2b5,0x00005ea00ac477b1030ce78506496e8c2de24bf5,279823,207494,0xe14320d9bd60a137ec0fe23cef8ecbac9041d3aa
2023-03-31 01:02:47.000000 UTC,0x0000000000000000000000000000000000000000,0xb40832805fc01ea06c045b47e675e3940a5bf2b5,53,0xf93dfd96fa750030b5e0b3f8deef9d8adcb8a81d939a5ce6467ac9949fd8939b,115,0xb40832805fc01ea06c045b47e675e3940a5bf2b5,0x00005ea00ac477b1030ce78506496e8c2de24bf5,279823,207494,0xe14320d9bd60a137ec0fe23cef8ecbac9041d3aa
2023-03-31 01:02:47.000000 UTC,0x0000000000000000000000000000000000000000,0xb40832805fc01ea06c045b47e675e3940a5bf2b5,44,0xf93dfd96fa750030b5e0b3f8deef9d8adcb8a81d939a5ce6467ac9949fd8939b,115,0xb40832805fc01ea06c045b47e675e3940a5bf2b5,0x00005ea00ac477b1030ce78506496e8c2de24bf5,279823,207494,0xe14320d9bd60a137ec0fe23cef8ecbac9041d3aa
2023-03-31 01:02:47.000000 UTC,0x0000000000000000000000000000000000000000,0xb40832805fc01ea06c045b47e675e3940a5bf2b5,75,0xf93dfd96fa750030b5e0b3f8deef9d8adcb8a81d939a5ce6467ac9949fd8939b,115,0xb40832805fc01ea06c045b47e675e3940a5bf2b5,0x00005ea00ac477b1030ce78506496e8c2de24bf5,279823,207494,0xe14320d9bd60a137ec0fe23cef8ecbac9041d3aa
2023-03-31 01:02:47.000000 UTC,0x0000000000000000000000000000000000000000,0xb40832805fc01ea06c045b47e675e3940a5bf2b5,73,0xf93dfd96fa750030b5e0b3f8deef9d8adcb8a81d939a5ce6467ac9949fd8939b,115,0xb40832805fc01ea06c045b47e675e3940a5bf2b5,0x00005ea00ac477b1030ce78506496e8c2de24bf5,279823,207494,0xe14320d9bd60a137ec0fe23cef8ecbac9041d3aa
2023-03-31 01:02:47.000000 UTC,0x0000000000000000000000000000000000000000,0xb40832805fc01ea06c045b47e675e3940a5bf2b5,82,0xf93dfd96fa750030b5e0b3f8deef9d8adcb8a81d939a5ce6467ac9949fd8939b,115,0xb40832805fc01ea06c045b47e675e3940a5bf2b5,0x00005ea00ac477b1030ce78506496e8c2de24bf5,279823,207494,0xe14320d9bd60a137ec0fe23cef8ecbac9041d3aa
2023-03-31 01:02:47.000000 UTC,0x0000000000000000000000000000000000000000,0xb40832805fc01ea06c045b47e675e3940a5bf2b5,43,0xf93dfd96fa750030b5e0b3f8deef9d8adcb8a81d939a5ce6467ac9949fd8939b,115,0xb40832805fc01ea06c045b47e675e3940a5bf2b5,0x00005ea00ac477b1030ce78506496e8c2de24bf5,279823,207494,0xe14320d9bd60a137ec0fe23cef8ecbac9041d3aa
2023-03-31 01:02:47.000000 UTC,0x0000000000000000000000000000000000000000,0xb40832805fc01ea06c045b47e675e3940a5bf2b5,57,0xf93dfd96fa750030b5e0b3f8deef9d8adcb8a81d939a5ce6467ac9949fd8939b,115,0xb40832805fc01ea06c045b47e675e3940a5bf2b5,0x00005ea00ac477b1030ce78506496e8c2de24bf5,279823,207494,0xe14320d9bd60a137ec0fe23cef8ecbac9041d3aa
2023-03-31 01:02:47.000000 UTC,0x0000000000000000000000000000000000000000,0xb40832805fc01ea06c045b47e675e3940a5bf2b5,87,0xf93dfd96fa750030b5e0b3f8deef9d8adcb8a81d939a5ce6467ac9949fd8939b,115,0xb40832805fc01ea06c045b47e675e3940a5bf2b5,0x00005ea00ac477b1030ce78506496e8c2de24bf5,279823,207494,0xe14320d9bd60a137ec0fe23cef8ecbac9041d3aa
2023-03-31 01:02:47.000000 UTC,0x0000000000000000000000000000000000000000,0xb40832805fc01ea06c045b47e675e3940a5bf2b5,45,0xf93dfd96fa750030b5e0b3f8deef9d8adcb8a81d939a5ce6467ac9949fd8939b,115,0xb40832805fc01ea06c045b47e675e3940a5bf2b5,0x00005ea00ac477b1030ce78506496e8c2de24bf5,279823,207494,0xe14320d9bd60a137ec0fe23cef8ecbac9041d3aa
2023-03-31 01:02:47.000000 UTC,0x0000000000000000000000000000000000000000,0xb40832805fc01ea06c045b47e675e3940a5bf2b5,84,0xf93dfd96fa750030b5e0b3f8deef9d8adcb8a81d939a5ce6467ac9949fd8939b,115,0xb40832805fc01ea06c045b47e675e3940a5bf2b5,0x00005ea00ac477b1030ce78506496e8c2de24bf5,279823,207494,0xe14320d9bd60a137ec0fe23cef8ecbac9041d3aa
2023-03-31 01:02:47.000000 UTC,0x0000000000000000000000000000000000000000,0xb40832805fc01ea06c045b47e675e3940a5bf2b5,78,0xf93dfd96fa750030b5e0b3f8deef9d8adcb8a81d939a5ce6467ac9949fd8939b,115,0xb40832805fc01ea06c045b47e675e3940a5bf2b5,0x00005ea00ac477b1030ce78506496e8c2de24bf5,279823,207494,0xe14320d9bd60a137ec0fe23cef8ecbac9041d3aa
2023-03-31 01:02:47.000000 UTC,0x0000000000000000000000000000000000000000,0xb40832805fc01ea06c045b47e675e3940a5bf2b5,52,0xf93dfd96fa750030b5e0b3f8deef9d8adcb8a81d939a5ce6467ac9949fd8939b,115,0xb40832805fc01ea06c045b47e675e3940a5bf2b5,0x00005ea00ac477b1030ce78506496e8c2de24bf5,279823,207494,0xe14320d9bd60a137ec0fe23cef8ecbac9041d3aa
2023-03-31 01:02:47.000000 UTC,0x0000000000000000000000000000000000000000,0xb40832805fc01ea06c045b47e675e3940a5bf2b5,68,0xf93dfd96fa750030b5e0b3f8deef9d8adcb8a81d939a5ce6467ac9949fd8939b,115,0xb40832805fc01ea06c045b47e675e3940a5bf2b5,0x00005ea00ac477b1030ce78506496e8c2de24bf5,279823,207494,0xe14320d9bd60a137ec0fe23cef8ecbac9041d3aa
2023-03-31 01:02:47.000000 UTC,0x0000000000000000000000000000000000000000,0xb40832805fc01ea06c045b47e675e3940a5bf2b5,60,0xf93dfd96fa750030b5e0b3f8deef9d8adcb8a81d939a5ce6467ac9949fd8939b,115,0xb40832805fc01ea06c045b47e675e3940a5bf2b5,0x00005ea00ac477b1030ce78506496e8c2de24bf5,279823,207494,0xe14320d9bd60a137ec0fe23cef8ecbac9041d3aa
2023-03-31 01:02:47.000000 UTC,0x0000000000000000000000000000000000000000,0xb40832805fc01ea06c045b47e675e3940a5bf2b5,88,0xf93dfd96fa750030b5e0b3f8deef9d8adcb8a81d939a5ce6467ac9949fd8939b,115,0xb40832805fc01ea06c045b47e675e3940a5bf2b5,0x00005ea00ac477b1030ce78506496e8c2de24bf5,279823,207494,0xe14320d9bd60a137ec0fe23cef8ecbac9041d3aa
2023-03-31 01:02:47.000000 UTC,0x0000000000000000000000000000000000000000,0xb40832805fc01ea06c045b47e675e3940a5bf2b5,67,0xf93dfd96fa750030b5e0b3f8deef9d8adcb8a81d939a5ce6467ac9949fd8939b,115,0xb40832805fc01ea06c045b47e675e3940a5bf2b5,0x00005ea00ac477b1030ce78506496e8c2de24bf5,279823,207494,0xe14320d9bd60a137ec0fe23cef8ecbac9041d3aa
2023-03-31 01:02:47.000000 UTC,0x0000000000000000000000000000000000000000,0xb40832805fc01ea06c045b47e675e3940a5bf2b5,77,0xf93dfd96fa750030b5e0b3f8deef9d8adcb8a81d939a5ce6467ac9949fd8939b,115,0xb40832805fc01ea06c045b47e675e3940a5bf2b5,0x00005ea00ac477b1030ce78506496e8c2de24bf5,279823,207494,0xe14320d9bd60a137ec0fe23cef8ecbac9041d3aa
2023-03-31 01:02:47.000000 UTC,0x0000000000000000000000000000000000000000,0xb40832805fc01ea06c045b47e675e3940a5bf2b5,46,0xf93dfd96fa750030b5e0b3f8deef9d8adcb8a81d939a5ce6467ac9949fd8939b,115,0xb40832805fc01ea06c045b47e675e3940a5bf2b5,0x00005ea00ac477b1030ce78506496e8c2de24bf5,279823,207494,0xe14320d9bd60a137ec0fe23cef8ecbac9041d3aa
2023-03-31 01:02:47.000000 UTC,0x0000000000000000000000000000000000000000,0xb40832805fc01ea06c045b47e675e3940a5bf2b5,63,0xf93dfd96fa750030b5e0b3f8deef9d8adcb8a81d939a5ce6467ac9949fd8939b,115,0xb40832805fc01ea06c045b47e675e3940a5bf2b5,0x00005ea00ac477b1030ce78506496e8c2de24bf5,279823,207494,0xe14320d9bd60a137ec0fe23cef8ecbac9041d3aa
2023-03-31 01:02:47.000000 UTC,0x0000000000000000000000000000000000000000,0xb40832805fc01ea06c045b47e675e3940a5bf2b5,69,0xf93dfd96fa750030b5e0b3f8deef9d8adcb8a81d939a5ce6467ac9949fd8939b,115,0xb40832805fc01ea06c045b47e675e3940a5bf2b5,0x00005ea00ac477b1030ce78506496e8c2de24bf5,279823,207494,0xe14320d9bd60a137ec0fe23cef8ecbac9041d3aa
2023-03-31 01:02:47.000000 UTC,0x0000000000000000000000000000000000000000,0xb40832805fc01ea06c045b47e675e3940a5bf2b5,79,0xf93dfd96fa750030b5e0b3f8deef9d8adcb8a81d939a5ce6467ac9949fd8939b,115,0xb40832805fc01ea06c045b47e675e3940a5bf2b5,0x00005ea00ac477b1030ce78506496e8c2de24bf5,279823,207494,0xe14320d9bd60a137ec0fe23cef8ecbac9041d3aa
2023-03-31 01:02:47.000000 UTC,0x0000000000000000000000000000000000000000,0xb40832805fc01ea06c045b47e675e3940a5bf2b5,86,0xf93dfd96fa750030b5e0b3f8deef9d8adcb8a81d939a5ce6467ac9949fd8939b,115,0xb40832805fc01ea06c045b47e675e3940a5bf2b5,0x00005ea00ac477b1030ce78506496e8c2de24bf5,279823,207494,0xe14320d9bd60a137ec0fe23cef8ecbac9041d3aa
2023-03-31 01:02:47.000000 UTC,0x0000000000000000000000000000000000000000,0xb40832805fc01ea06c045b47e675e3940a5bf2b5,64,0xf93dfd96fa750030b5e0b3f8deef9d8adcb8a81d939a5ce6467ac9949fd8939b,115,0xb40832805fc01ea06c045b47e675e3940a5bf2b5,0x00005ea00ac477b1030ce78506496e8c2de24bf5,279823,207494,0xe14320d9bd60a137ec0fe23cef8ecbac9041d3aa
2023-03-31 01:02:47.000000 UTC,0x0000000000000000000000000000000000000000,0xb40832805fc01ea06c045b47e675e3940a5bf2b5,81,0xf93dfd96fa750030b5e0b3f8deef9d8adcb8a81d939a5ce6467ac9949fd8939b,115,0xb40832805fc01ea06c045b47e675e3940a5bf2b5,0x00005ea00ac477b1030ce78506496e8c2de24bf5,279823,207494,0xe14320d9bd60a137ec0fe23cef8ecbac9041d3aa
2023-03-31 01:02:47.000000 UTC,0x0000000000000000000000000000000000000000,0xb40832805fc01ea06c045b47e675e3940a5bf2b5,56,0xf93dfd96fa750030b5e0b3f8deef9d8adcb8a81d939a5ce6467ac9949fd8939b,115,0xb40832805fc01ea06c045b47e675e3940a5bf2b5,0x00005ea00ac477b1030ce78506496e8c2de24bf5,279823,207494,0xe14320d9bd60a137ec0fe23cef8ecbac9041d3aa
2023-03-31 01:02:47.000000 UTC,0x0000000000000000000000000000000000000000,0xb40832805fc01ea06c045b47e675e3940a5bf2b5,59,0xf93dfd96fa750030b5e0b3f8deef9d8adcb8a81d939a5ce6467ac9949fd8939b,115,0xb40832805fc01ea06c045b47e675e3940a5bf2b5,0x00005ea00ac477b1030ce78506496e8c2de24bf5,279823,207494,0xe14320d9bd60a137ec0fe23cef8ecbac9041d3aa
2023-03-31 01:02:47.000000 UTC,0x0000000000000000000000000000000000000000,0xb40832805fc01ea06c045b47e675e3940a5bf2b5,65,0xf93dfd96fa750030b5e0b3f8deef9d8adcb8a81d939a5ce6467ac9949fd8939b,115,0xb40832805fc01ea06c045b47e675e3940a5bf2b5,0x00005ea00ac477b1030ce78506496e8c2de24bf5,279823,207494,0xe14320d9bd60a137ec0fe23cef8ecbac9041d3aa
2023-03-31 01:02:47.000000 UTC,0x0000000000000000000000000000000000000000,0xb40832805fc01ea06c045b47e675e3940a5bf2b5,51,0xf93dfd96fa750030b5e0b3f8deef9d8adcb8a81d939a5ce6467ac9949fd8939b,115,0xb40832805fc01ea06c045b47e675e3940a5bf2b5,0x00005ea00ac477b1030ce78506496e8c2de24bf5,279823,207494,0xe14320d9bd60a137ec0fe23cef8ecbac9041d3aa
2023-03-31 01:02:47.000000 UTC,0x0000000000000000000000000000000000000000,0xb40832805fc01ea06c045b47e675e3940a5bf2b5,55,0xf93dfd96fa750030b5e0b3f8deef9d8adcb8a81d939a5ce6467ac9949fd8939b,115,0xb40832805fc01ea06c045b47e675e3940a5bf2b5,0x00005ea00ac477b1030ce78506496e8c2de24bf5,279823,207494,0xe14320d9bd60a137ec0fe23cef8ecbac9041d3aa
2023-03-31 01:02:47.000000 UTC,0x0000000000000000000000000000000000000000,0xb40832805fc01ea06c045b47e675e3940a5bf2b5,89,0xf93dfd96fa750030b5e0b3f8deef9d8adcb8a81d939a5ce6467ac9949fd8939b,115,0xb40832805fc01ea06c045b47e675e3940a5bf2b5,0x00005ea00ac477b1030ce78506496e8c2de24bf5,279823,207494,0xe14320d9bd60a137ec0fe23cef8ecbac9041d3aa
2023-03-31 01:02:47.000000 UTC,0x0000000000000000000000000000000000000000,0xb40832805fc01ea06c045b47e675e3940a5bf2b5,76,0xf93dfd96fa750030b5e0b3f8deef9d8adcb8a81d939a5ce6467ac9949fd8939b,115,0xb40832805fc01ea06c045b47e675e3940a5bf2b5,0x00005ea00ac477b1030ce78506496e8c2de24bf5,279823,207494,0xe14320d9bd60a137ec0fe23cef8ecbac9041d3aa
2023-03-31 01:02:59.000000 UTC,0x0000000000000000000000000000000000000000,0x2778d8ca0807b2cebc3472167076ba0198d90fc6,90,0x2ce117e08a20d7ac834e625c5f020dc58852062b2c82b0c74717c1a46fc86f14,128,0x2778d8ca0807b2cebc3472167076ba0198d90fc6,0x00005ea00ac477b1030ce78506496e8c2de24bf5,134440,95661,0xe14320d9bd60a137ec0fe23cef8ecbac9041d3aa
2023-03-31 01:03:23.000000 UTC,0x0000000000000000000000000000000000000000,0xfcace11273c57945a8d36331b640ffd6bd685b3b,91,0x9de71e2a15269d8df3dbf71028373e11c156213ed4876e644924077bc6c7b0ba,142,0xfcace11273c57945a8d36331b640ffd6bd685b3b,0x00005ea00ac477b1030ce78506496e8c2de24bf5,134435,95657,0xe14320d9bd60a137ec0fe23cef8ecbac9041d3aa
2023-03-31 01:03:23.000000 UTC,0x0000000000000000000000000000000000000000,0x2778d8ca0807b2cebc3472167076ba0198d90fc6,92,0xd52f1aebfea86e4ceae1beed2ff1d34e8216bfe9ef8004205167d463d4933080,129,0x2778d8ca0807b2cebc3472167076ba0198d90fc6,0x00005ea00ac477b1030ce78506496e8c2de24bf5,134440,95661,0xe14320d9bd60a137ec0fe23cef8ecbac9041d3aa
2023-03-31 01:03:59.000000 UTC,0x0000000000000000000000000000000000000000,0xfcace11273c57945a8d36331b640ffd6bd685b3b,93,0x26d4aa03a82e21f17956984450f7c645811781d47dfe568097a2107ee181abfb,143,0xfcace11273c57945a8d36331b640ffd6bd685b3b,0x00005ea00ac477b1030ce78506496e8c2de24bf5,134435,95657,0xe14320d9bd60a137ec0fe23cef8ecbac9041d3aa
2023-03-31 01:04:35.000000 UTC,0x0000000000000000000000000000000000000000,0x3e454528a580d01a61b9c47c53afc7270f200825,95,0xd92325988947ae170bca92ae44a3d43b0c65cfe9453dd2cb74b897514efedea7,42,0x3e454528a580d01a61b9c47c53afc7270f200825,0x00005ea00ac477b1030ce78506496e8c2de24bf5,154489,111083,0xe14320d9bd60a137ec0fe23cef8ecbac9041d3aa
2023-03-31 01:04:35.000000 UTC,0x0000000000000000000000000000000000000000,0x399ed90758a3350f6ee6cd686094fa5ac13d9bab,94,0x49d0d5e76a0558a3b01ab2ecf098e8851b7ec8f009d09ccd72738cdbdcc1106d,571,0x399ed90758a3350f6ee6cd686094fa5ac13d9bab,0x00005ea00ac477b1030ce78506496e8c2de24bf5,156730,112807,0xe14320d9bd60a137ec0fe23cef8ecbac9041d3aa
2023-03-31 01:06:11.000000 UTC,0x0000000000000000000000000000000000000000,0xa7650e468993e41f32e506e9d74be8998937ed6d,99,0x460904b171d2ea0872a5fc189c04c130e853c0e515bbee5f8df01a57e28d3d35,156,0xa7650e468993e41f32e506e9d74be8998937ed6d,0x00005ea00ac477b1030ce78506496e8c2de24bf5,166751,120515,0xe14320d9bd60a137ec0fe23cef8ecbac9041d3aa
2023-03-31 01:06:11.000000 UTC,0x0000000000000000000000000000000000000000,0xa7650e468993e41f32e506e9d74be8998937ed6d,100,0x460904b171d2ea0872a5fc189c04c130e853c0e515bbee5f8df01a57e28d3d35,156,0xa7650e468993e41f32e506e9d74be8998937ed6d,0x00005ea00ac477b1030ce78506496e8c2de24bf5,166751,120515,0xe14320d9bd60a137ec0fe23cef8ecbac9041d3aa
2023-03-31 01:06:11.000000 UTC,0x0000000000000000000000000000000000000000,0xa7650e468993e41f32e506e9d74be8998937ed6d,98,0x460904b171d2ea0872a5fc189c04c130e853c0e515bbee5f8df01a57e28d3d35,156,0xa7650e468993e41f32e506e9d74be8998937ed6d,0x00005ea00ac477b1030ce78506496e8c2de24bf5,166751,120515,0xe14320d9bd60a137ec0fe23cef8ecbac9041d3aa
2023-03-31 01:06:11.000000 UTC,0x0000000000000000000000000000000000000000,0xa7650e468993e41f32e506e9d74be8998937ed6d,97,0x460904b171d2ea0872a5fc189c04c130e853c0e515bbee5f8df01a57e28d3d35,156,0xa7650e468993e41f32e506e9d74be8998937ed6d,0x00005ea00ac477b1030ce78506496e8c2de24bf5,166751,120515,0xe14320d9bd60a137ec0fe23cef8ecbac9041d3aa
2023-03-31 01:06:11.000000 UTC,0x0000000000000000000000000000000000000000,0xa7650e468993e41f32e506e9d74be8998937ed6d,96,0x460904b171d2ea0872a5fc189c04c130e853c0e515bbee5f8df01a57e28d3d35,156,0xa7650e468993e41f32e506e9d74be8998937ed6d,0x00005ea00ac477b1030ce78506496e8c2de24bf5,166751,120515,0xe14320d9bd60a137ec0fe23cef8ecbac9041d3aa
2023-03-31 01:07:35.000000 UTC,0x0000000000000000000000000000000000000000,0xdecd4fef0dcbd8a67c78752d483929d466626ce1,101,0xcf5450bcfdc8742c63dc01a84225ccf77a36a286c2f9a9e6e246ea0c7efc8863,77,0xdecd4fef0dcbd8a67c78752d483929d466626ce1,0x00005ea00ac477b1030ce78506496e8c2de24bf5,156686,112773,0xe14320d9bd60a137ec0fe23cef8ecbac9041d3aa
2023-03-31 01:07:47.000000 UTC,0x3e454528a580d01a61b9c47c53afc7270f200825,0xca6ec0e0ec01bc98ce25c5046e31a50dc9efd11f,95,0x69c1d9abb3c0f9b905f0c284b146de568d03340aa7ee72ebd3342d2909d3d2c5,701,0xca6ec0e0ec01bc98ce25c5046e31a50dc9efd11f,0x00000000000001ad428e4906ae43d8f9852d0dd6,214043,159678,0xe14320d9bd60a137ec0fe23cef8ecbac9041d3aa
2023-03-31 01:07:47.000000 UTC,0x0000000000000000000000000000000000000000,0x7a499e8c86449eb654d4a0ee0ef832d8af72fa75,104,0x642d018f153f3a445d0ec335aafbd4fa3c8d72496d59529ed37402ae1c9d0825,14,0x7a499e8c86449eb654d4a0ee0ef832d8af72fa75,0x00005ea00ac477b1030ce78506496e8c2de24bf5,161655,116595,0xe14320d9bd60a137ec0fe23cef8ecbac9041d3aa
2023-03-31 01:07:47.000000 UTC,0x0000000000000000000000000000000000000000,0x7a499e8c86449eb654d4a0ee0ef832d8af72fa75,102,0x642d018f153f3a445d0ec335aafbd4fa3c8d72496d59529ed37402ae1c9d0825,14,0x7a499e8c86449eb654d4a0ee0ef832d8af72fa75,0x00005ea00ac477b1030ce78506496e8c2de24bf5,161655,116595,0xe14320d9bd60a137ec0fe23cef8ecbac9041d3aa
2023-03-31 01:07:47.000000 UTC,0x0000000000000000000000000000000000000000,0x7a499e8c86449eb654d4a0ee0ef832d8af72fa75,103,0x642d018f153f3a445d0ec335aafbd4fa3c8d72496d59529ed37402ae1c9d0825,14,0x7a499e8c86449eb654d4a0ee0ef832d8af72fa75,0x00005ea00ac477b1030ce78506496e8c2de24bf5,161655,116595,0xe14320d9bd60a137ec0fe23cef8ecbac9041d3aa
2023-03-31 01:08:47.000000 UTC,0x0000000000000000000000000000000000000000,0x4ab6893bb503b5fb955f11c9791d8ff13758a732,108,0x2a06a6db6924ef89ce0b48f91775d3b37cfaf25015097ebb8f3abfd96908bf8f,42,0x4ab6893bb503b5fb955f11c9791d8ff13758a732,0x00005ea00ac477b1030ce78506496e8c2de24bf5,174263,126294,0xe14320d9bd60a137ec0fe23cef8ecbac9041d3aa
2023-03-31 01:08:47.000000 UTC,0x0000000000000000000000000000000000000000,0x4ab6893bb503b5fb955f11c9791d8ff13758a732,105,0x2a06a6db6924ef89ce0b48f91775d3b37cfaf25015097ebb8f3abfd96908bf8f,42,0x4ab6893bb503b5fb955f11c9791d8ff13758a732,0x00005ea00ac477b1030ce78506496e8c2de24bf5,174263,126294,0xe14320d9bd60a137ec0fe23cef8ecbac9041d3aa
2023-03-31 01:08:47.000000 UTC,0x0000000000000000000000000000000000000000,0x4ab6893bb503b5fb955f11c9791d8ff13758a732,109,0x2a06a6db6924ef89ce0b48f91775d3b37cfaf25015097ebb8f3abfd96908bf8f,42,0x4ab6893bb503b5fb955f11c9791d8ff13758a732,0x00005ea00ac477b1030ce78506496e8c2de24bf5,174263,126294,0xe14320d9bd60a137ec0fe23cef8ecbac9041d3aa
2023-03-31 01:08:47.000000 UTC,0x0000000000000000000000000000000000000000,0x4ab6893bb503b5fb955f11c9791d8ff13758a732,107,0x2a06a6db6924ef89ce0b48f91775d3b37cfaf25015097ebb8f3abfd96908bf8f,42,0x4ab6893bb503b5fb955f11c9791d8ff13758a732,0x00005ea00ac477b1030ce78506496e8c2de24bf5,174263,126294,0xe14320d9bd60a137ec0fe23cef8ecbac9041d3aa
2023-03-31 01:08:47.000000 UTC,0x0000000000000000000000000000000000000000,0x4ab6893bb503b5fb955f11c9791d8ff13758a732,106,0x2a06a6db6924ef89ce0b48f91775d3b37cfaf25015097ebb8f3abfd96908bf8f,42,0x4ab6893bb503b5fb955f11c9791d8ff13758a732,0x00005ea00ac477b1030ce78506496e8c2de24bf5,174263,126294,0xe14320d9bd60a137ec0fe23cef8ecbac9041d3aa
2023-03-31 01:08:47.000000 UTC,0x0000000000000000000000000000000000000000,0x4ab6893bb503b5fb955f11c9791d8ff13758a732,110,0x2a06a6db6924ef89ce0b48f91775d3b37cfaf25015097ebb8f3abfd96908bf8f,42,0x4ab6893bb503b5fb955f11c9791d8ff13758a732,0x00005ea00ac477b1030ce78506496e8c2de24bf5,174263,126294,0xe14320d9bd60a137ec0fe23cef8ecbac9041d3aa
2023-03-31 01:08:47.000000 UTC,0x0000000000000000000000000000000000000000,0x4ab6893bb503b5fb955f11c9791d8ff13758a732,112,0x2a06a6db6924ef89ce0b48f91775d3b37cfaf25015097ebb8f3abfd96908bf8f,42,0x4ab6893bb503b5fb955f11c9791d8ff13758a732,0x00005ea00ac477b1030ce78506496e8c2de24bf5,174263,126294,0xe14320d9bd60a137ec0fe23cef8ecbac9041d3aa
2023-03-31 01:08:47.000000 UTC,0x0000000000000000000000000000000000000000,0x4ab6893bb503b5fb955f11c9791d8ff13758a732,111,0x2a06a6db6924ef89ce0b48f91775d3b37cfaf25015097ebb8f3abfd96908bf8f,42,0x4ab6893bb503b5fb955f11c9791d8ff13758a732,0x00005ea00ac477b1030ce78506496e8c2de24bf5,174263,126294,0xe14320d9bd60a137ec0fe23cef8ecbac9041d3aa
2023-03-31 01:08:59.000000 UTC,0x0000000000000000000000000000000000000000,0x2ed0c280559072d4eaf6f8b71bc277f8de406a7c,113,0xbf382f9ebc6a98ddfc46387c044cea0744d8946dae10876f801fb7705e02b6e7,1600,0x2ed0c280559072d4eaf6f8b71bc277f8de406a7c,0x00005ea00ac477b1030ce78506496e8c2de24bf5,154523,111109,0xe14320d9bd60a137ec0fe23cef8ecbac9041d3aa
2023-03-31 01:09:59.000000 UTC,0x0000000000000000000000000000000000000000,0x5bf2b6b176b98d20eace5d996568f4f1e69cff24,114,0x8293ffd5bdd207031beeb748c5ce7005883ac74e21b3e71a9abe56ff52f5c838,717,0x5bf2b6b176b98d20eace5d996568f4f1e69cff24,0x00005ea00ac477b1030ce78506496e8c2de24bf5,161743,116663,0xe14320d9bd60a137ec0fe23cef8ecbac9041d3aa
2023-03-31 01:09:59.000000 UTC,0x0000000000000000000000000000000000000000,0x5bf2b6b176b98d20eace5d996568f4f1e69cff24,116,0x8293ffd5bdd207031beeb748c5ce7005883ac74e21b3e71a9abe56ff52f5c838,717,0x5bf2b6b176b98d20eace5d996568f4f1e69cff24,0x00005ea00ac477b1030ce78506496e8c2de24bf5,161743,116663,0xe14320d9bd60a137ec0fe23cef8ecbac9041d3aa
2023-03-31 01:09:59.000000 UTC,0x0000000000000000000000000000000000000000,0x5bf2b6b176b98d20eace5d996568f4f1e69cff24,115,0x8293ffd5bdd207031beeb748c5ce7005883ac74e21b3e71a9abe56ff52f5c838,717,0x5bf2b6b176b98d20eace5d996568f4f1e69cff24,0x00005ea00ac477b1030ce78506496e8c2de24bf5,161743,116663,0xe14320d9bd60a137ec0fe23cef8ecbac9041d3aa
2023-03-31 01:10:23.000000 UTC,0x0000000000000000000000000000000000000000,0x2f0eb593d43aebe7da20815ead1dc9f1d0177c56,118,0xfbb7c8c780b75ca4901b582f2237e21642d6b8556fc48d9fe89895d7fb0ebedf,41,0x2f0eb593d43aebe7da20815ead1dc9f1d0177c56,0x00005ea00ac477b1030ce78506496e8c2de24bf5,159269,114760,0xe14320d9bd60a137ec0fe23cef8ecbac9041d3aa
2023-03-31 01:10:23.000000 UTC,0x0000000000000000000000000000000000000000,0x2f0eb593d43aebe7da20815ead1dc9f1d0177c56,119,0xfbb7c8c780b75ca4901b582f2237e21642d6b8556fc48d9fe89895d7fb0ebedf,41,0x2f0eb593d43aebe7da20815ead1dc9f1d0177c56,0x00005ea00ac477b1030ce78506496e8c2de24bf5,159269,114760,0xe14320d9bd60a137ec0fe23cef8ecbac9041d3aa
2023-03-31 01:10:23.000000 UTC,0x0000000000000000000000000000000000000000,0x982259e50e1ad1edd72f42378196eaf42b45dca0,117,0x926906ddbabd56679ff0440e717d6abfd1a61e3e999e1316a321e72312edc4ef,388,0x982259e50e1ad1edd72f42378196eaf42b45dca0,0x00005ea00ac477b1030ce78506496e8c2de24bf5,156592,112701,0xe14320d9bd60a137ec0fe23cef8ecbac9041d3aa
2023-03-31 01:11:59.000000 UTC,0x0000000000000000000000000000000000000000,0x2c81146120f76340ab2b0015693f1b6ea869a0c2,121,0x18bba7add59df51757ce7ccf23a12a32cc1503c7c434e8af89c843a93d56234c,10,0x2c81146120f76340ab2b0015693f1b6ea869a0c2,0x00005ea00ac477b1030ce78506496e8c2de24bf5,156670,112761,0xe14320d9bd60a137ec0fe23cef8ecbac9041d3aa
2023-03-31 01:11:59.000000 UTC,0x0000000000000000000000000000000000000000,0x4d8a71f8671a3d6c0f97e95165e93dcb802b5a34,120,0x938d90c1213bb2c65d70c99a61a459825ec622e429d7398f89c808d9df6dfbf1,163,0x4d8a71f8671a3d6c0f97e95165e93dcb802b5a34,0x00005ea00ac477b1030ce78506496e8c2de24bf5,156689,112775,0xe14320d9bd60a137ec0fe23cef8ecbac9041d3aa
2023-03-31 01:13:11.000000 UTC,0x0000000000000000000000000000000000000000,0xd34feeabeef4c9cbd87a0835f288530525bccb40,123,0x343ed76bea0967cb8e52ef4c02ef03ae939e10269734cc960f08bdea1b23b18a,182,0xd34feeabeef4c9cbd87a0835f288530525bccb40,0x00005ea00ac477b1030ce78506496e8c2de24bf5,161740,116661,0xe14320d9bd60a137ec0fe23cef8ecbac9041d3aa
2023-03-31 01:13:11.000000 UTC,0x0000000000000000000000000000000000000000,0xd34feeabeef4c9cbd87a0835f288530525bccb40,122,0x343ed76bea0967cb8e52ef4c02ef03ae939e10269734cc960f08bdea1b23b18a,182,0xd34feeabeef4c9cbd87a0835f288530525bccb40,0x00005ea00ac477b1030ce78506496e8c2de24bf5,161740,116661,0xe14320d9bd60a137ec0fe23cef8ecbac9041d3aa
2023-03-31 01:13:11.000000 UTC,0x0000000000000000000000000000000000000000,0xd34feeabeef4c9cbd87a0835f288530525bccb40,124,0x343ed76bea0967cb8e52ef4c02ef03ae939e10269734cc960f08bdea1b23b18a,182,0xd34feeabeef4c9cbd87a0835f288530525bccb40,0x00005ea00ac477b1030ce78506496e8c2de24bf5,161740,116661,0xe14320d9bd60a137ec0fe23cef8ecbac9041d3aa
2023-03-31 01:14:23.000000 UTC,0x0000000000000000000000000000000000000000,0x290e606a6a39d235fd1bdf35dfd562b690e60b43,125,0xe26984587245fa535656b112df3e90cd648a7b74470d5c8af3412da1e3dd00bf,23,0x290e606a6a39d235fd1bdf35dfd562b690e60b43,0x00005ea00ac477b1030ce78506496e8c2de24bf5,159168,114682,0xe14320d9bd60a137ec0fe23cef8ecbac9041d3aa
2023-03-31 01:14:23.000000 UTC,0x0000000000000000000000000000000000000000,0x290e606a6a39d235fd1bdf35dfd562b690e60b43,126,0xe26984587245fa535656b112df3e90cd648a7b74470d5c8af3412da1e3dd00bf,23,0x290e606a6a39d235fd1bdf35dfd562b690e60b43,0x00005ea00ac477b1030ce78506496e8c2de24bf5,159168,114682,0xe14320d9bd60a137ec0fe23cef8ecbac9041d3aa
2023-03-31 01:16:11.000000 UTC,0x0000000000000000000000000000000000000000,0x86995f4a229b5a6512bf46b0a65df450f37de109,127,0xb03cd360bc7fcd76d7a09b80e968e82b2e4c858d03dbdc4d7e4e1110d2a64e04,308,0x86995f4a229b5a6512bf46b0a65df450f37de109,0x00005ea00ac477b1030ce78506496e8c2de24bf5,156691,112777,0xe14320d9bd60a137ec0fe23cef8ecbac9041d3aa
2023-03-31 01:17:11.000000 UTC,0x0000000000000000000000000000000000000000,0x9a679a898a24eb9c88ee1da1f9cd36617b58ae28,128,0x3a9ae4cda4d9c31a634c0d66e80f9085448ce6c90af381da987960168e675fb3,53,0x9a679a898a24eb9c88ee1da1f9cd36617b58ae28,0x00005ea00ac477b1030ce78506496e8c2de24bf5,174250,126284,0xe14320d9bd60a137ec0fe23cef8ecbac9041d3aa
2023-03-31 01:17:11.000000 UTC,0x0000000000000000000000000000000000000000,0x9a679a898a24eb9c88ee1da1f9cd36617b58ae28,133,0x3a9ae4cda4d9c31a634c0d66e80f9085448ce6c90af381da987960168e675fb3,53,0x9a679a898a24eb9c88ee1da1f9cd36617b58ae28,0x00005ea00ac477b1030ce78506496e8c2de24bf5,174250,126284,0xe14320d9bd60a137ec0fe23cef8ecbac9041d3aa
2023-03-31 01:17:11.000000 UTC,0x0000000000000000000000000000000000000000,0x9a679a898a24eb9c88ee1da1f9cd36617b58ae28,134,0x3a9ae4cda4d9c31a634c0d66e80f9085448ce6c90af381da987960168e675fb3,53,0x9a679a898a24eb9c88ee1da1f9cd36617b58ae28,0x00005ea00ac477b1030ce78506496e8c2de24bf5,174250,126284,0xe14320d9bd60a137ec0fe23cef8ecbac9041d3aa
2023-03-31 01:17:11.000000 UTC,0x0000000000000000000000000000000000000000,0x9a679a898a24eb9c88ee1da1f9cd36617b58ae28,135,0x3a9ae4cda4d9c31a634c0d66e80f9085448ce6c90af381da987960168e675fb3,53,0x9a679a898a24eb9c88ee1da1f9cd36617b58ae28,0x00005ea00ac477b1030ce78506496e8c2de24bf5,174250,126284,0xe14320d9bd60a137ec0fe23cef8ecbac9041d3aa
2023-03-31 01:17:11.000000 UTC,0x0000000000000000000000000000000000000000,0x9a679a898a24eb9c88ee1da1f9cd36617b58ae28,131,0x3a9ae4cda4d9c31a634c0d66e80f9085448ce6c90af381da987960168e675fb3,53,0x9a679a898a24eb9c88ee1da1f9cd36617b58ae28,0x00005ea00ac477b1030ce78506496e8c2de24bf5,174250,126284,0xe14320d9bd60a137ec0fe23cef8ecbac9041d3aa
2023-03-31 01:17:11.000000 UTC,0x0000000000000000000000000000000000000000,0x9a679a898a24eb9c88ee1da1f9cd36617b58ae28,129,0x3a9ae4cda4d9c31a634c0d66e80f9085448ce6c90af381da987960168e675fb3,53,0x9a679a898a24eb9c88ee1da1f9cd36617b58ae28,0x00005ea00ac477b1030ce78506496e8c2de24bf5,174250,126284,0xe14320d9bd60a137ec0fe23cef8ecbac9041d3aa
2023-03-31 01:17:11.000000 UTC,0x0000000000000000000000000000000000000000,0x9a679a898a24eb9c88ee1da1f9cd36617b58ae28,130,0x3a9ae4cda4d9c31a634c0d66e80f9085448ce6c90af381da987960168e675fb3,53,0x9a679a898a24eb9c88ee1da1f9cd36617b58ae28,0x00005ea00ac477b1030ce78506496e8c2de24bf5,174250,126284,0xe14320d9bd60a137ec0fe23cef8ecbac9041d3aa
2023-03-31 01:17:11.000000 UTC,0x0000000000000000000000000000000000000000,0x9a679a898a24eb9c88ee1da1f9cd36617b58ae28,132,0x3a9ae4cda4d9c31a634c0d66e80f9085448ce6c90af381da987960168e675fb3,53,0x9a679a898a24eb9c88ee1da1f9cd36617b58ae28,0x00005ea00ac477b1030ce78506496e8c2de24bf5,174250,126284,0xe14320d9bd60a137ec0fe23cef8ecbac9041d3aa
2023-03-31 01:17:47.000000 UTC,0x0000000000000000000000000000000000000000,0xd02cee270cd72a80fea427cd4e29a1eee48e01a6,136,0xb4960040893b6b9a0c2006ec8f1106353afc01a49d813dcb4ddf9a848a2bb8fc,13,0xd02cee270cd72a80fea427cd4e29a1eee48e01a6,0x00005ea00ac477b1030ce78506496e8c2de24bf5,156689,112775,0xe14320d9bd60a137ec0fe23cef8ecbac9041d3aa
2023-03-31 01:18:59.000000 UTC,0xd02cee270cd72a80fea427cd4e29a1eee48e01a6,0x86995f4a229b5a6512bf46b0a65df450f37de109,136,0x6a60e303109a975f01edc53c20cc4c585b06babb4a16e5e4f30ff7ae145030a4,14,0xd02cee270cd72a80fea427cd4e29a1eee48e01a6,0xe14320d9bd60a137ec0fe23cef8ecbac9041d3aa,62145,47804,0xe14320d9bd60a137ec0fe23cef8ecbac9041d3aa
2023-03-31 01:21:23.000000 UTC,0x484e3b91ab97761fc416cd6b5ceae2e6f33e6170,0x191b4ee25350159c05912bc09c852d18f80320f4,36,0xeef90408697769cd3b84713063fd60ebe391873deb08a46ba13413b74cc93acb,21,0x191b4ee25350159c05912bc09c852d18f80320f4,0x00000000000001ad428e4906ae43d8f9852d0dd6,246937,159654,0xe14320d9bd60a137ec0fe23cef8ecbac9041d3aa
2023-03-31 01:22:23.000000 UTC,0x0000000000000000000000000000000000000000,0x3eef41f23cc540fab162081c362c160fc893d438,137,0x9c8b9f36eb03bf4ebd9cd9c4e698241150dda8d287b2c1c57e7e04a8169df9ca,24,0x3eef41f23cc540fab162081c362c160fc893d438,0x00005ea00ac477b1030ce78506496e8c2de24bf5,161717,116643,0xe14320d9bd60a137ec0fe23cef8ecbac9041d3aa
2023-03-31 01:22:23.000000 UTC,0x0000000000000000000000000000000000000000,0x3eef41f23cc540fab162081c362c160fc893d438,138,0x9c8b9f36eb03bf4ebd9cd9c4e698241150dda8d287b2c1c57e7e04a8169df9ca,24,0x3eef41f23cc540fab162081c362c160fc893d438,0x00005ea00ac477b1030ce78506496e8c2de24bf5,161717,116643,0xe14320d9bd60a137ec0fe23cef8ecbac9041d3aa
2023-03-31 01:22:23.000000 UTC,0x0000000000000000000000000000000000000000,0x3eef41f23cc540fab162081c362c160fc893d438,139,0x9c8b9f36eb03bf4ebd9cd9c4e698241150dda8d287b2c1c57e7e04a8169df9ca,24,0x3eef41f23cc540fab162081c362c160fc893d438,0x00005ea00ac477b1030ce78506496e8c2de24bf5,161717,116643,0xe14320d9bd60a137ec0fe23cef8ecbac9041d3aa
2023-03-31 01:22:23.000000 UTC,0x0000000000000000000000000000000000000000,0xb40832805fc01ea06c045b47e675e3940a5bf2b5,167,0x9dff5cb1efe65a1c7d592409e3e7cb1464d26df1351a80e19addd0af1a25005f,116,0xb40832805fc01ea06c045b47e675e3940a5bf2b5,0x00005ea00ac477b1030ce78506496e8c2de24bf5,260106,192327,0xe14320d9bd60a137ec0fe23cef8ecbac9041d3aa
2023-03-31 01:22:23.000000 UTC,0x0000000000000000000000000000000000000000,0xb40832805fc01ea06c045b47e675e3940a5bf2b5,156,0x9dff5cb1efe65a1c7d592409e3e7cb1464d26df1351a80e19addd0af1a25005f,116,0xb40832805fc01ea06c045b47e675e3940a5bf2b5,0x00005ea00ac477b1030ce78506496e8c2de24bf5,260106,192327,0xe14320d9bd60a137ec0fe23cef8ecbac9041d3aa
2023-03-31 01:22:23.000000 UTC,0x0000000000000000000000000000000000000000,0xb40832805fc01ea06c045b47e675e3940a5bf2b5,186,0x9dff5cb1efe65a1c7d592409e3e7cb1464d26df1351a80e19addd0af1a25005f,116,0xb40832805fc01ea06c045b47e675e3940a5bf2b5,0x00005ea00ac477b1030ce78506496e8c2de24bf5,260106,192327,0xe14320d9bd60a137ec0fe23cef8ecbac9041d3aa
2023-03-31 01:22:23.000000 UTC,0x0000000000000000000000000000000000000000,0xb40832805fc01ea06c045b47e675e3940a5bf2b5,171,0x9dff5cb1efe65a1c7d592409e3e7cb1464d26df1351a80e19addd0af1a25005f,116,0xb40832805fc01ea06c045b47e675e3940a5bf2b5,0x00005ea00ac477b1030ce78506496e8c2de24bf5,260106,192327,0xe14320d9bd60a137ec0fe23cef8ecbac9041d3aa
2023-03-31 01:22:23.000000 UTC,0x0000000000000000000000000000000000000000,0xb40832805fc01ea06c045b47e675e3940a5bf2b5,163,0x9dff5cb1efe65a1c7d592409e3e7cb1464d26df1351a80e19addd0af1a25005f,116,0xb40832805fc01ea06c045b47e675e3940a5bf2b5,0x00005ea00ac477b1030ce78506496e8c2de24bf5,260106,192327,0xe14320d9bd60a137ec0fe23cef8ecbac9041d3aa
2023-03-31 01:22:23.000000 UTC,0x0000000000000000000000000000000000000000,0xb40832805fc01ea06c045b47e675e3940a5bf2b5,154,0x9dff5cb1efe65a1c7d592409e3e7cb1464d26df1351a80e19addd0af1a25005f,116,0xb40832805fc01ea06c045b47e675e3940a5bf2b5,0x00005ea00ac477b1030ce78506496e8c2de24bf5,260106,192327,0xe14320d9bd60a137ec0fe23cef8ecbac9041d3aa
2023-03-31 01:22:23.000000 UTC,0x0000000000000000000000000000000000000000,0xb40832805fc01ea06c045b47e675e3940a5bf2b5,166,0x9dff5cb1efe65a1c7d592409e3e7cb1464d26df1351a80e19addd0af1a25005f,116,0xb40832805fc01ea06c045b47e675e3940a5bf2b5,0x00005ea00ac477b1030ce78506496e8c2de24bf5,260106,192327,0xe14320d9bd60a137ec0fe23cef8ecbac9041d3aa
2023-03-31 01:22:23.000000 UTC,0x0000000000000000000000000000000000000000,0xb40832805fc01ea06c045b47e675e3940a5bf2b5,187,0x9dff5cb1efe65a1c7d592409e3e7cb1464d26df1351a80e19addd0af1a25005f,116,0xb40832805fc01ea06c045b47e675e3940a5bf2b5,0x00005ea00ac477b1030ce78506496e8c2de24bf5,260106,192327,0xe14320d9bd60a137ec0fe23cef8ecbac9041d3aa
2023-03-31 01:22:23.000000 UTC,0x0000000000000000000000000000000000000000,0xb40832805fc01ea06c045b47e675e3940a5bf2b5,175,0x9dff5cb1efe65a1c7d592409e3e7cb1464d26df1351a80e19addd0af1a25005f,116,0xb40832805fc01ea06c045b47e675e3940a5bf2b5,0x00005ea00ac477b1030ce78506496e8c2de24bf5,260106,192327,0xe14320d9bd60a137ec0fe23cef8ecbac9041d3aa
2023-03-31 01:22:23.000000 UTC,0x0000000000000000000000000000000000000000,0xb40832805fc01ea06c045b47e675e3940a5bf2b5,147,0x9dff5cb1efe65a1c7d592409e3e7cb1464d26df1351a80e19addd0af1a25005f,116,0xb40832805fc01ea06c045b47e675e3940a5bf2b5,0x00005ea00ac477b1030ce78506496e8c2de24bf5,260106,192327,0xe14320d9bd60a137ec0fe23cef8ecbac9041d3aa
2023-03-31 01:22:23.000000 UTC,0x0000000000000000000000000000000000000000,0xb40832805fc01ea06c045b47e675e3940a5bf2b5,165,0x9dff5cb1efe65a1c7d592409e3e7cb1464d26df1351a80e19addd0af1a25005f,116,0xb40832805fc01ea06c045b47e675e3940a5bf2b5,0x00005ea00ac477b1030ce78506496e8c2de24bf5,260106,192327,0xe14320d9bd60a137ec0fe23cef8ecbac9041d3aa
2023-03-31 01:22:23.000000 UTC,0x0000000000000000000000000000000000000000,0xb40832805fc01ea06c045b47e675e3940a5bf2b5,164,0x9dff5cb1efe65a1c7d592409e3e7cb1464d26df1351a80e19addd0af1a25005f,116,0xb40832805fc01ea06c045b47e675e3940a5bf2b5,0x00005ea00ac477b1030ce78506496e8c2de24bf5,260106,192327,0xe14320d9bd60a137ec0fe23cef8ecbac9041d3aa
2023-03-31 01:22:23.000000 UTC,0x0000000000000000000000000000000000000000,0xb40832805fc01ea06c045b47e675e3940a5bf2b5,177,0x9dff5cb1efe65a1c7d592409e3e7cb1464d26df1351a80e19addd0af1a25005f,116,0xb40832805fc01ea06c045b47e675e3940a5bf2b5,0x00005ea00ac477b1030ce78506496e8c2de24bf5,260106,192327,0xe14320d9bd60a137ec0fe23cef8ecbac9041d3aa
2023-03-31 01:22:23.000000 UTC,0x0000000000000000000000000000000000000000,0xb40832805fc01ea06c045b47e675e3940a5bf2b5,149,0x9dff5cb1efe65a1c7d592409e3e7cb1464d26df1351a80e19addd0af1a25005f,116,0xb40832805fc01ea06c045b47e675e3940a5bf2b5,0x00005ea00ac477b1030ce78506496e8c2de24bf5,260106,192327,0xe14320d9bd60a137ec0fe23cef8ecbac9041d3aa
2023-03-31 01:22:23.000000 UTC,0x0000000000000000000000000000000000000000,0xb40832805fc01ea06c045b47e675e3940a5bf2b5,183,0x9dff5cb1efe65a1c7d592409e3e7cb1464d26df1351a80e19addd0af1a25005f,116,0xb40832805fc01ea06c045b47e675e3940a5bf2b5,0x00005ea00ac477b1030ce78506496e8c2de24bf5,260106,192327,0xe14320d9bd60a137ec0fe23cef8ecbac9041d3aa
2023-03-31 01:22:23.000000 UTC,0x0000000000000000000000000000000000000000,0xb40832805fc01ea06c045b47e675e3940a5bf2b5,168,0x9dff5cb1efe65a1c7d592409e3e7cb1464d26df1351a80e19addd0af1a25005f,116,0xb40832805fc01ea06c045b47e675e3940a5bf2b5,0x00005ea00ac477b1030ce78506496e8c2de24bf5,260106,192327,0xe14320d9bd60a137ec0fe23cef8ecbac9041d3aa
2023-03-31 01:22:23.000000 UTC,0x0000000000000000000000000000000000000000,0xb40832805fc01ea06c045b47e675e3940a5bf2b5,178,0x9dff5cb1efe65a1c7d592409e3e7cb1464d26df1351a80e19addd0af1a25005f,116,0xb40832805fc01ea06c045b47e675e3940a5bf2b5,0x00005ea00ac477b1030ce78506496e8c2de24bf5,260106,192327,0xe14320d9bd60a137ec0fe23cef8ecbac9041d3aa
2023-03-31 01:22:23.000000 UTC,0x0000000000000000000000000000000000000000,0xb40832805fc01ea06c045b47e675e3940a5bf2b5,158,0x9dff5cb1efe65a1c7d592409e3e7cb1464d26df1351a80e19addd0af1a25005f,116,0xb40832805fc01ea06c045b47e675e3940a5bf2b5,0x00005ea00ac477b1030ce78506496e8c2de24bf5,260106,192327,0xe14320d9bd60a137ec0fe23cef8ecbac9041d3aa
2023-03-31 01:22:23.000000 UTC,0x0000000000000000000000000000000000000000,0xb40832805fc01ea06c045b47e675e3940a5bf2b5,159,0x9dff5cb1efe65a1c7d592409e3e7cb1464d26df1351a80e19addd0af1a25005f,116,0xb40832805fc01ea06c045b47e675e3940a5bf2b5,0x00005ea00ac477b1030ce78506496e8c2de24bf5,260106,192327,0xe14320d9bd60a137ec0fe23cef8ecbac9041d3aa
2023-03-31 01:22:23.000000 UTC,0x0000000000000000000000000000000000000000,0xb40832805fc01ea06c045b47e675e3940a5bf2b5,150,0x9dff5cb1efe65a1c7d592409e3e7cb1464d26df1351a80e19addd0af1a25005f,116,0xb40832805fc01ea06c045b47e675e3940a5bf2b5,0x00005ea00ac477b1030ce78506496e8c2de24bf5,260106,192327,0xe14320d9bd60a137ec0fe23cef8ecbac9041d3aa
2023-03-31 01:22:23.000000 UTC,0x0000000000000000000000000000000000000000,0xb40832805fc01ea06c045b47e675e3940a5bf2b5,188,0x9dff5cb1efe65a1c7d592409e3e7cb1464d26df1351a80e19addd0af1a25005f,116,0xb40832805fc01ea06c045b47e675e3940a5bf2b5,0x00005ea00ac477b1030ce78506496e8c2de24bf5,260106,192327,0xe14320d9bd60a137ec0fe23cef8ecbac9041d3aa
2023-03-31 01:22:23.000000 UTC,0x0000000000000000000000000000000000000000,0xb40832805fc01ea06c045b47e675e3940a5bf2b5,144,0x9dff5cb1efe65a1c7d592409e3e7cb1464d26df1351a80e19addd0af1a25005f,116,0xb40832805fc01ea06c045b47e675e3940a5bf2b5,0x00005ea00ac477b1030ce78506496e8c2de24bf5,260106,192327,0xe14320d9bd60a137ec0fe23cef8ecbac9041d3aa
2023-03-31 01:22:23.000000 UTC,0x0000000000000000000000000000000000000000,0xb40832805fc01ea06c045b47e675e3940a5bf2b5,151,0x9dff5cb1efe65a1c7d592409e3e7cb1464d26df1351a80e19addd0af1a25005f,116,0xb40832805fc01ea06c045b47e675e3940a5bf2b5,0x00005ea00ac477b1030ce78506496e8c2de24bf5,260106,192327,0xe14320d9bd60a137ec0fe23cef8ecbac9041d3aa
2023-03-31 01:22:23.000000 UTC,0x0000000000000000000000000000000000000000,0xb40832805fc01ea06c045b47e675e3940a5bf2b5,146,0x9dff5cb1efe65a1c7d592409e3e7cb1464d26df1351a80e19addd0af1a25005f,116,0xb40832805fc01ea06c045b47e675e3940a5bf2b5,0x00005ea00ac477b1030ce78506496e8c2de24bf5,260106,192327,0xe14320d9bd60a137ec0fe23cef8ecbac9041d3aa
2023-03-31 01:22:23.000000 UTC,0x0000000000000000000000000000000000000000,0xb40832805fc01ea06c045b47e675e3940a5bf2b5,160,0x9dff5cb1efe65a1c7d592409e3e7cb1464d26df1351a80e19addd0af1a25005f,116,0xb40832805fc01ea06c045b47e675e3940a5bf2b5,0x00005ea00ac477b1030ce78506496e8c2de24bf5,260106,192327,0xe14320d9bd60a137ec0fe23cef8ecbac9041d3aa
2023-03-31 01:22:23.000000 UTC,0x0000000000000000000000000000000000000000,0xb40832805fc01ea06c045b47e675e3940a5bf2b5,152,0x9dff5cb1efe65a1c7d592409e3e7cb1464d26df1351a80e19addd0af1a25005f,116,0xb40832805fc01ea06c045b47e675e3940a5bf2b5,0x00005ea00ac477b1030ce78506496e8c2de24bf5,260106,192327,0xe14320d9bd60a137ec0fe23cef8ecbac9041d3aa
2023-03-31 01:22:23.000000 UTC,0x0000000000000000000000000000000000000000,0xb40832805fc01ea06c045b47e675e3940a5bf2b5,145,0x9dff5cb1efe65a1c7d592409e3e7cb1464d26df1351a80e19addd0af1a25005f,116,0xb40832805fc01ea06c045b47e675e3940a5bf2b5,0x00005ea00ac477b1030ce78506496e8c2de24bf5,260106,192327,0xe14320d9bd60a137ec0fe23cef8ecbac9041d3aa
2023-03-31 01:22:23.000000 UTC,0x0000000000000000000000000000000000000000,0xb40832805fc01ea06c045b47e675e3940a5bf2b5,169,0x9dff5cb1efe65a1c7d592409e3e7cb1464d26df1351a80e19addd0af1a25005f,116,0xb40832805fc01ea06c045b47e675e3940a5bf2b5,0x00005ea00ac477b1030ce78506496e8c2de24bf5,260106,192327,0xe14320d9bd60a137ec0fe23cef8ecbac9041d3aa
2023-03-31 01:22:23.000000 UTC,0x0000000000000000000000000000000000000000,0xb40832805fc01ea06c045b47e675e3940a5bf2b5,143,0x9dff5cb1efe65a1c7d592409e3e7cb1464d26df1351a80e19addd0af1a25005f,116,0xb40832805fc01ea06c045b47e675e3940a5bf2b5,0x00005ea00ac477b1030ce78506496e8c2de24bf5,260106,192327,0xe14320d9bd60a137ec0fe23cef8ecbac9041d3aa
2023-03-31 01:22:23.000000 UTC,0x0000000000000000000000000000000000000000,0xb40832805fc01ea06c045b47e675e3940a5bf2b5,170,0x9dff5cb1efe65a1c7d592409e3e7cb1464d26df1351a80e19addd0af1a25005f,116,0xb40832805fc01ea06c045b47e675e3940a5bf2b5,0x00005ea00ac477b1030ce78506496e8c2de24bf5,260106,192327,0xe14320d9bd60a137ec0fe23cef8ecbac9041d3aa
2023-03-31 01:22:23.000000 UTC,0x0000000000000000000000000000000000000000,0xb40832805fc01ea06c045b47e675e3940a5bf2b5,176,0x9dff5cb1efe65a1c7d592409e3e7cb1464d26df1351a80e19addd0af1a25005f,116,0xb40832805fc01ea06c045b47e675e3940a5bf2b5,0x00005ea00ac477b1030ce78506496e8c2de24bf5,260106,192327,0xe14320d9bd60a137ec0fe23cef8ecbac9041d3aa
2023-03-31 01:22:23.000000 UTC,0x0000000000000000000000000000000000000000,0xb40832805fc01ea06c045b47e675e3940a5bf2b5,189,0x9dff5cb1efe65a1c7d592409e3e7cb1464d26df1351a80e19addd0af1a25005f,116,0xb40832805fc01ea06c045b47e675e3940a5bf2b5,0x00005ea00ac477b1030ce78506496e8c2de24bf5,260106,192327,0xe14320d9bd60a137ec0fe23cef8ecbac9041d3aa
2023-03-31 01:22:23.000000 UTC,0x0000000000000000000000000000000000000000,0xb40832805fc01ea06c045b47e675e3940a5bf2b5,179,0x9dff5cb1efe65a1c7d592409e3e7cb1464d26df1351a80e19addd0af1a25005f,116,0xb40832805fc01ea06c045b47e675e3940a5bf2b5,0x00005ea00ac477b1030ce78506496e8c2de24bf5,260106,192327,0xe14320d9bd60a137ec0fe23cef8ecbac9041d3aa
2023-03-31 01:22:23.000000 UTC,0x0000000000000000000000000000000000000000,0xb40832805fc01ea06c045b47e675e3940a5bf2b5,184,0x9dff5cb1efe65a1c7d592409e3e7cb1464d26df1351a80e19addd0af1a25005f,116,0xb40832805fc01ea06c045b47e675e3940a5bf2b5,0x00005ea00ac477b1030ce78506496e8c2de24bf5,260106,192327,0xe14320d9bd60a137ec0fe23cef8ecbac9041d3aa
2023-03-31 01:22:23.000000 UTC,0x0000000000000000000000000000000000000000,0xb40832805fc01ea06c045b47e675e3940a5bf2b5,140,0x9dff5cb1efe65a1c7d592409e3e7cb1464d26df1351a80e19addd0af1a25005f,116,0xb40832805fc01ea06c045b47e675e3940a5bf2b5,0x00005ea00ac477b1030ce78506496e8c2de24bf5,260106,192327,0xe14320d9bd60a137ec0fe23cef8ecbac9041d3aa
2023-03-31 01:22:23.000000 UTC,0x0000000000000000000000000000000000000000,0xb40832805fc01ea06c045b47e675e3940a5bf2b5,172,0x9dff5cb1efe65a1c7d592409e3e7cb1464d26df1351a80e19addd0af1a25005f,116,0xb40832805fc01ea06c045b47e675e3940a5bf2b5,0x00005ea00ac477b1030ce78506496e8c2de24bf5,260106,192327,0xe14320d9bd60a137ec0fe23cef8ecbac9041d3aa
2023-03-31 01:22:23.000000 UTC,0x0000000000000000000000000000000000000000,0xb40832805fc01ea06c045b47e675e3940a5bf2b5,180,0x9dff5cb1efe65a1c7d592409e3e7cb1464d26df1351a80e19addd0af1a25005f,116,0xb40832805fc01ea06c045b47e675e3940a5bf2b5,0x00005ea00ac477b1030ce78506496e8c2de24bf5,260106,192327,0xe14320d9bd60a137ec0fe23cef8ecbac9041d3aa
2023-03-31 01:22:23.000000 UTC,0x0000000000000000000000000000000000000000,0xb40832805fc01ea06c045b47e675e3940a5bf2b5,162,0x9dff5cb1efe65a1c7d592409e3e7cb1464d26df1351a80e19addd0af1a25005f,116,0xb40832805fc01ea06c045b47e675e3940a5bf2b5,0x00005ea00ac477b1030ce78506496e8c2de24bf5,260106,192327,0xe14320d9bd60a137ec0fe23cef8ecbac9041d3aa
2023-03-31 01:22:23.000000 UTC,0x0000000000000000000000000000000000000000,0xb40832805fc01ea06c045b47e675e3940a5bf2b5,174,0x9dff5cb1efe65a1c7d592409e3e7cb1464d26df1351a80e19addd0af1a25005f,116,0xb40832805fc01ea06c045b47e675e3940a5bf2b5,0x00005ea00ac477b1030ce78506496e8c2de24bf5,260106,192327,0xe14320d9bd60a137ec0fe23cef8ecbac9041d3aa
2023-03-31 01:22:23.000000 UTC,0x0000000000000000000000000000000000000000,0xb40832805fc01ea06c045b47e675e3940a5bf2b5,155,0x9dff5cb1efe65a1c7d592409e3e7cb1464d26df1351a80e19addd0af1a25005f,116,0xb40832805fc01ea06c045b47e675e3940a5bf2b5,0x00005ea00ac477b1030ce78506496e8c2de24bf5,260106,192327,0xe14320d9bd60a137ec0fe23cef8ecbac9041d3aa
2023-03-31 01:22:23.000000 UTC,0x0000000000000000000000000000000000000000,0xb40832805fc01ea06c045b47e675e3940a5bf2b5,182,0x9dff5cb1efe65a1c7d592409e3e7cb1464d26df1351a80e19addd0af1a25005f,116,0xb40832805fc01ea06c045b47e675e3940a5bf2b5,0x00005ea00ac477b1030ce78506496e8c2de24bf5,260106,192327,0xe14320d9bd60a137ec0fe23cef8ecbac9041d3aa
2023-03-31 01:22:23.000000 UTC,0x0000000000000000000000000000000000000000,0xb40832805fc01ea06c045b47e675e3940a5bf2b5,161,0x9dff5cb1efe65a1c7d592409e3e7cb1464d26df1351a80e19addd0af1a25005f,116,0xb40832805fc01ea06c045b47e675e3940a5bf2b5,0x00005ea00ac477b1030ce78506496e8c2de24bf5,260106,192327,0xe14320d9bd60a137ec0fe23cef8ecbac9041d3aa
2023-03-31 01:22:23.000000 UTC,0x0000000000000000000000000000000000000000,0xb40832805fc01ea06c045b47e675e3940a5bf2b5,157,0x9dff5cb1efe65a1c7d592409e3e7cb1464d26df1351a80e19addd0af1a25005f,116,0xb40832805fc01ea06c045b47e675e3940a5bf2b5,0x00005ea00ac477b1030ce78506496e8c2de24bf5,260106,192327,0xe14320d9bd60a137ec0fe23cef8ecbac9041d3aa
2023-03-31 01:22:23.000000 UTC,0x0000000000000000000000000000000000000000,0xb40832805fc01ea06c045b47e675e3940a5bf2b5,142,0x9dff5cb1efe65a1c7d592409e3e7cb1464d26df1351a80e19addd0af1a25005f,116,0xb40832805fc01ea06c045b47e675e3940a5bf2b5,0x00005ea00ac477b1030ce78506496e8c2de24bf5,260106,192327,0xe14320d9bd60a137ec0fe23cef8ecbac9041d3aa
2023-03-31 01:22:23.000000 UTC,0x0000000000000000000000000000000000000000,0xb40832805fc01ea06c045b47e675e3940a5bf2b5,173,0x9dff5cb1efe65a1c7d592409e3e7cb1464d26df1351a80e19addd0af1a25005f,116,0xb40832805fc01ea06c045b47e675e3940a5bf2b5,0x00005ea00ac477b1030ce78506496e8c2de24bf5,260106,192327,0xe14320d9bd60a137ec0fe23cef8ecbac9041d3aa
2023-03-31 01:22:23.000000 UTC,0x0000000000000000000000000000000000000000,0xb40832805fc01ea06c045b47e675e3940a5bf2b5,190,0x9dff5cb1efe65a1c7d592409e3e7cb1464d26df1351a80e19addd0af1a25005f,116,0xb40832805fc01ea06c045b47e675e3940a5bf2b5,0x00005ea00ac477b1030ce78506496e8c2de24bf5,260106,192327,0xe14320d9bd60a137ec0fe23cef8ecbac9041d3aa
2023-03-31 01:22:23.000000 UTC,0x0000000000000000000000000000000000000000,0xb40832805fc01ea06c045b47e675e3940a5bf2b5,148,0x9dff5cb1efe65a1c7d592409e3e7cb1464d26df1351a80e19addd0af1a25005f,116,0xb40832805fc01ea06c045b47e675e3940a5bf2b5,0x00005ea00ac477b1030ce78506496e8c2de24bf5,260106,192327,0xe14320d9bd60a137ec0fe23cef8ecbac9041d3aa
2023-03-31 01:22:23.000000 UTC,0x0000000000000000000000000000000000000000,0xb40832805fc01ea06c045b47e675e3940a5bf2b5,181,0x9dff5cb1efe65a1c7d592409e3e7cb1464d26df1351a80e19addd0af1a25005f,116,0xb40832805fc01ea06c045b47e675e3940a5bf2b5,0x00005ea00ac477b1030ce78506496e8c2de24bf5,260106,192327,0xe14320d9bd60a137ec0fe23cef8ecbac9041d3aa
2023-03-31 01:22:23.000000 UTC,0x0000000000000000000000000000000000000000,0xb40832805fc01ea06c045b47e675e3940a5bf2b5,153,0x9dff5cb1efe65a1c7d592409e3e7cb1464d26df1351a80e19addd0af1a25005f,116,0xb40832805fc01ea06c045b47e675e3940a5bf2b5,0x00005ea00ac477b1030ce78506496e8c2de24bf5,260106,192327,0xe14320d9bd60a137ec0fe23cef8ecbac9041d3aa
2023-03-31 01:22:23.000000 UTC,0x0000000000000000000000000000000000000000,0xb40832805fc01ea06c045b47e675e3940a5bf2b5,141,0x9dff5cb1efe65a1c7d592409e3e7cb1464d26df1351a80e19addd0af1a25005f,116,0xb40832805fc01ea06c045b47e675e3940a5bf2b5,0x00005ea00ac477b1030ce78506496e8c2de24bf5,260106,192327,0xe14320d9bd60a137ec0fe23cef8ecbac9041d3aa
2023-03-31 01:22:23.000000 UTC,0x0000000000000000000000000000000000000000,0xb40832805fc01ea06c045b47e675e3940a5bf2b5,185,0x9dff5cb1efe65a1c7d592409e3e7cb1464d26df1351a80e19addd0af1a25005f,116,0xb40832805fc01ea06c045b47e675e3940a5bf2b5,0x00005ea00ac477b1030ce78506496e8c2de24bf5,260106,192327,0xe14320d9bd60a137ec0fe23cef8ecbac9041d3aa
2023-03-31 01:24:47.000000 UTC,0x0000000000000000000000000000000000000000,0x4d42682a4483d7043c4612f2e6fc328f54f95cbd,191,0xc2042ecefb08de73d52f2cbe87fd2940d91d90ce3084fe281541603b0c43d744,3,0x4d42682a4483d7043c4612f2e6fc328f54f95cbd,0x00005ea00ac477b1030ce78506496e8c2de24bf5,156676,112765,0xe14320d9bd60a137ec0fe23cef8ecbac9041d3aa
2023-03-31 01:24:59.000000 UTC,0x0000000000000000000000000000000000000000,0x62468f4eb87de2c203b704093d560944d00cade4,192,0x8a28cba48b578e005cf09431d46376a24948cb55525003791a08ebf10d50ddc8,21,0x62468f4eb87de2c203b704093d560944d00cade4,0x00005ea00ac477b1030ce78506496e8c2de24bf5,156733,112809,0xe14320d9bd60a137ec0fe23cef8ecbac9041d3aa
2023-03-31 01:25:47.000000 UTC,0x0000000000000000000000000000000000000000,0x6307d81239dbd0097812ce4b25813a2dc3f19ae3,194,0x4c86ea36ad063335ae5ecadc06207d8800b0be470c4ab0494af4106530ee9f6b,11,0x6307d81239dbd0097812ce4b25813a2dc3f19ae3,0x00005ea00ac477b1030ce78506496e8c2de24bf5,161686,116619,0xe14320d9bd60a137ec0fe23cef8ecbac9041d3aa
2023-03-31 01:25:47.000000 UTC,0x0000000000000000000000000000000000000000,0x6307d81239dbd0097812ce4b25813a2dc3f19ae3,193,0x4c86ea36ad063335ae5ecadc06207d8800b0be470c4ab0494af4106530ee9f6b,11,0x6307d81239dbd0097812ce4b25813a2dc3f19ae3,0x00005ea00ac477b1030ce78506496e8c2de24bf5,161686,116619,0xe14320d9bd60a137ec0fe23cef8ecbac9041d3aa
2023-03-31 01:25:47.000000 UTC,0x0000000000000000000000000000000000000000,0x6307d81239dbd0097812ce4b25813a2dc3f19ae3,195,0x4c86ea36ad063335ae5ecadc06207d8800b0be470c4ab0494af4106530ee9f6b,11,0x6307d81239dbd0097812ce4b25813a2dc3f19ae3,0x00005ea00ac477b1030ce78506496e8c2de24bf5,161686,116619,0xe14320d9bd60a137ec0fe23cef8ecbac9041d3aa
2023-03-31 01:27:35.000000 UTC,0x4d42682a4483d7043c4612f2e6fc328f54f95cbd,0x664904e33d17ff8a785a867f1a374838fd4d0815,191,0x8fce78efa3062a92fabac2fd5a40dc5a63f393358f1861a2803b1df1833ef707,4,0x4d42682a4483d7043c4612f2e6fc328f54f95cbd,0xe14320d9bd60a137ec0fe23cef8ecbac9041d3aa,62145,47804,0xe14320d9bd60a137ec0fe23cef8ecbac9041d3aa
2023-03-31 01:29:59.000000 UTC,0x0000000000000000000000000000000000000000,0x729dcba2f7079eb35a16f28c2b9dbb8c6aa58850,196,0x6e25caae7c1d4e91926c89550354207da1387d827e7f8dc680dd4109e1af0c11,29,0x729dcba2f7079eb35a16f28c2b9dbb8c6aa58850,0x00005ea00ac477b1030ce78506496e8c2de24bf5,154536,111119,0xe14320d9bd60a137ec0fe23cef8ecbac9041d3aa
2023-03-31 01:30:47.000000 UTC,0x0000000000000000000000000000000000000000,0x0b2910cc5eede0d727edca73a5e60e921554456b,197,0xecb049f94bb6ae38ee17af0d3fd31a8246eb79fe394e5e81def73a532a37cf7e,456,0x0b2910cc5eede0d727edca73a5e60e921554456b,0x00005ea00ac477b1030ce78506496e8c2de24bf5,156663,112755,0xe14320d9bd60a137ec0fe23cef8ecbac9041d3aa
2023-03-31 01:31:47.000000 UTC,0x0000000000000000000000000000000000000000,0x3368ffac471c92363b299c25298f65754296aaaf,199,0xaa80e774a6ef41f3825109674ee6896f6c3b86d10be2217c4e341ac8e9f592a3,23,0x3368ffac471c92363b299c25298f65754296aaaf,0x00005ea00ac477b1030ce78506496e8c2de24bf5,161699,116629,0xe14320d9bd60a137ec0fe23cef8ecbac9041d3aa
2023-03-31 01:31:47.000000 UTC,0x0000000000000000000000000000000000000000,0x3368ffac471c92363b299c25298f65754296aaaf,198,0xaa80e774a6ef41f3825109674ee6896f6c3b86d10be2217c4e341ac8e9f592a3,23,0x3368ffac471c92363b299c25298f65754296aaaf,0x00005ea00ac477b1030ce78506496e8c2de24bf5,161699,116629,0xe14320d9bd60a137ec0fe23cef8ecbac9041d3aa
2023-03-31 01:31:47.000000 UTC,0x0000000000000000000000000000000000000000,0x3368ffac471c92363b299c25298f65754296aaaf,200,0xaa80e774a6ef41f3825109674ee6896f6c3b86d10be2217c4e341ac8e9f592a3,23,0x3368ffac471c92363b299c25298f65754296aaaf,0x00005ea00ac477b1030ce78506496e8c2de24bf5,161699,116629,0xe14320d9bd60a137ec0fe23cef8ecbac9041d3aa
2023-03-31 01:34:11.000000 UTC,0x0000000000000000000000000000000000000000,0x104fa7d3dc6b96412579a12ac0fe0359107c585f,201,0x6e59e7f683879e663af8c1f59c258401b65b22c0dbe9bb8fb6b3d002fb09c6d6,41,0x104fa7d3dc6b96412579a12ac0fe0359107c585f,0x00005ea00ac477b1030ce78506496e8c2de24bf5,156616,112719,0xe14320d9bd60a137ec0fe23cef8ecbac9041d3aa
2023-03-31 01:37:11.000000 UTC,0x0000000000000000000000000000000000000000,0xc7a3837911a57ec69a78d36a2ddc3fa62d53d2d0,202,0x25f1426584aa36f8d18255e792cbb1a4fa292be550598565b447985cb967e481,0,0xc7a3837911a57ec69a78d36a2ddc3fa62d53d2d0,0x00005ea00ac477b1030ce78506496e8c2de24bf5,156608,112713,0xe14320d9bd60a137ec0fe23cef8ecbac9041d3aa
2023-03-31 01:39:35.000000 UTC,0x0000000000000000000000000000000000000000,0xc7a3837911a57ec69a78d36a2ddc3fa62d53d2d0,210,0xd960426c2ea9ef3f3c5357a85d3496cf76971196f6278e879e9a3eef4438cf91,1,0xc7a3837911a57ec69a78d36a2ddc3fa62d53d2d0,0x00005ea00ac477b1030ce78506496e8c2de24bf5,154481,111077,0xe14320d9bd60a137ec0fe23cef8ecbac9041d3aa
2023-03-31 01:39:35.000000 UTC,0x0000000000000000000000000000000000000000,0xc7a3837911a57ec69a78d36a2ddc3fa62d53d2d0,203,0xd960426c2ea9ef3f3c5357a85d3496cf76971196f6278e879e9a3eef4438cf91,1,0xc7a3837911a57ec69a78d36a2ddc3fa62d53d2d0,0x00005ea00ac477b1030ce78506496e8c2de24bf5,154481,111077,0xe14320d9bd60a137ec0fe23cef8ecbac9041d3aa
2023-03-31 01:39:35.000000 UTC,0x0000000000000000000000000000000000000000,0xc7a3837911a57ec69a78d36a2ddc3fa62d53d2d0,211,0xd960426c2ea9ef3f3c5357a85d3496cf76971196f6278e879e9a3eef4438cf91,1,0xc7a3837911a57ec69a78d36a2ddc3fa62d53d2d0,0x00005ea00ac477b1030ce78506496e8c2de24bf5,154481,111077,0xe14320d9bd60a137ec0fe23cef8ecbac9041d3aa
2023-03-31 01:39:35.000000 UTC,0x0000000000000000000000000000000000000000,0xc7a3837911a57ec69a78d36a2ddc3fa62d53d2d0,207,0xd960426c2ea9ef3f3c5357a85d3496cf76971196f6278e879e9a3eef4438cf91,1,0xc7a3837911a57ec69a78d36a2ddc3fa62d53d2d0,0x00005ea00ac477b1030ce78506496e8c2de24bf5,154481,111077,0xe14320d9bd60a137ec0fe23cef8ecbac9041d3aa
2023-03-31 01:39:35.000000 UTC,0x0000000000000000000000000000000000000000,0xc7a3837911a57ec69a78d36a2ddc3fa62d53d2d0,209,0xd960426c2ea9ef3f3c5357a85d3496cf76971196f6278e879e9a3eef4438cf91,1,0xc7a3837911a57ec69a78d36a2ddc3fa62d53d2d0,0x00005ea00ac477b1030ce78506496e8c2de24bf5,154481,111077,0xe14320d9bd60a137ec0fe23cef8ecbac9041d3aa
2023-03-31 01:39:35.000000 UTC,0x0000000000000000000000000000000000000000,0xc7a3837911a57ec69a78d36a2ddc3fa62d53d2d0,206,0xd960426c2ea9ef3f3c5357a85d3496cf76971196f6278e879e9a3eef4438cf91,1,0xc7a3837911a57ec69a78d36a2ddc3fa62d53d2d0,0x00005ea00ac477b1030ce78506496e8c2de24bf5,154481,111077,0xe14320d9bd60a137ec0fe23cef8ecbac9041d3aa
2023-03-31 01:39:35.000000 UTC,0x0000000000000000000000000000000000000000,0xc7a3837911a57ec69a78d36a2ddc3fa62d53d2d0,205,0xd960426c2ea9ef3f3c5357a85d3496cf76971196f6278e879e9a3eef4438cf91,1,0xc7a3837911a57ec69a78d36a2ddc3fa62d53d2d0,0x00005ea00ac477b1030ce78506496e8c2de24bf5,154481,111077,0xe14320d9bd60a137ec0fe23cef8ecbac9041d3aa
2023-03-31 01:39:35.000000 UTC,0x0000000000000000000000000000000000000000,0xc7a3837911a57ec69a78d36a2ddc3fa62d53d2d0,204,0xd960426c2ea9ef3f3c5357a85d3496cf76971196f6278e879e9a3eef4438cf91,1,0xc7a3837911a57ec69a78d36a2ddc3fa62d53d2d0,0x00005ea00ac477b1030ce78506496e8c2de24bf5,154481,111077,0xe14320d9bd60a137ec0fe23cef8ecbac9041d3aa
2023-03-31 01:39:35.000000 UTC,0x0000000000000000000000000000000000000000,0xc7a3837911a57ec69a78d36a2ddc3fa62d53d2d0,208,0xd960426c2ea9ef3f3c5357a85d3496cf76971196f6278e879e9a3eef4438cf91,1,0xc7a3837911a57ec69a78d36a2ddc3fa62d53d2d0,0x00005ea00ac477b1030ce78506496e8c2de24bf5,154481,111077,0xe14320d9bd60a137ec0fe23cef8ecbac9041d3aa
2023-03-31 01:39:59.000000 UTC,0x0000000000000000000000000000000000000000,0x80c270db9f06d2b4ce484ef877774ff1e79ee337,212,0x14e74f63740db0fa5b1f934dfcb533f8ca3ba2e71aeb431bd1b5ce6bdee7b6d4,30,0x80c270db9f06d2b4ce484ef877774ff1e79ee337,0x00005ea00ac477b1030ce78506496e8c2de24bf5,156663,112755,0xe14320d9bd60a137ec0fe23cef8ecbac9041d3aa
2023-03-31 01:41:11.000000 UTC,0x0000000000000000000000000000000000000000,0xa04e9d99a9015e7205bc1fce63de854ffa7073c7,213,0x41b7cf4711fb81097c0af2dd2fde3c61b725ed7d904d60abdd61a95d72b42f6d,107,0xa04e9d99a9015e7205bc1fce63de854ffa7073c7,0x00005ea00ac477b1030ce78506496e8c2de24bf5,156728,112805,0xe14320d9bd60a137ec0fe23cef8ecbac9041d3aa
2023-03-31 01:45:59.000000 UTC,0x0000000000000000000000000000000000000000,0xc683b8a78cb748a4d95fdf8d5738a81bab011395,215,0x71955232d14178f6913db44ac1f8e672c85ff21332113a6eba43ce55926c8654,536,0xc683b8a78cb748a4d95fdf8d5738a81bab011395,0x00005ea00ac477b1030ce78506496e8c2de24bf5,164271,118608,0xe14320d9bd60a137ec0fe23cef8ecbac9041d3aa
2023-03-31 01:45:59.000000 UTC,0x0000000000000000000000000000000000000000,0xc683b8a78cb748a4d95fdf8d5738a81bab011395,216,0x71955232d14178f6913db44ac1f8e672c85ff21332113a6eba43ce55926c8654,536,0xc683b8a78cb748a4d95fdf8d5738a81bab011395,0x00005ea00ac477b1030ce78506496e8c2de24bf5,164271,118608,0xe14320d9bd60a137ec0fe23cef8ecbac9041d3aa
2023-03-31 01:45:59.000000 UTC,0x0000000000000000000000000000000000000000,0xc683b8a78cb748a4d95fdf8d5738a81bab011395,217,0x71955232d14178f6913db44ac1f8e672c85ff21332113a6eba43ce55926c8654,536,0xc683b8a78cb748a4d95fdf8d5738a81bab011395,0x00005ea00ac477b1030ce78506496e8c2de24bf5,164271,118608,0xe14320d9bd60a137ec0fe23cef8ecbac9041d3aa
2023-03-31 01:45:59.000000 UTC,0x0000000000000000000000000000000000000000,0xc683b8a78cb748a4d95fdf8d5738a81bab011395,214,0x71955232d14178f6913db44ac1f8e672c85ff21332113a6eba43ce55926c8654,536,0xc683b8a78cb748a4d95fdf8d5738a81bab011395,0x00005ea00ac477b1030ce78506496e8c2de24bf5,164271,118608,0xe14320d9bd60a137ec0fe23cef8ecbac9041d3aa
2023-03-31 01:48:23.000000 UTC,0x0000000000000000000000000000000000000000,0x1deb20db3aaf35397cb495a041536fd8bd2c8d44,222,0x0ef99de2f82b5348afa145053d95be16484d7812bd6785733a05425b5ce5ca93,7,0x1deb20db3aaf35397cb495a041536fd8bd2c8d44,0x00005ea00ac477b1030ce78506496e8c2de24bf5,179302,130170,0xe14320d9bd60a137ec0fe23cef8ecbac9041d3aa
2023-03-31 01:48:23.000000 UTC,0x0000000000000000000000000000000000000000,0x1deb20db3aaf35397cb495a041536fd8bd2c8d44,223,0x0ef99de2f82b5348afa145053d95be16484d7812bd6785733a05425b5ce5ca93,7,0x1deb20db3aaf35397cb495a041536fd8bd2c8d44,0x00005ea00ac477b1030ce78506496e8c2de24bf5,179302,130170,0xe14320d9bd60a137ec0fe23cef8ecbac9041d3aa
2023-03-31 01:48:23.000000 UTC,0x0000000000000000000000000000000000000000,0x1deb20db3aaf35397cb495a041536fd8bd2c8d44,227,0x0ef99de2f82b5348afa145053d95be16484d7812bd6785733a05425b5ce5ca93,7,0x1deb20db3aaf35397cb495a041536fd8bd2c8d44,0x00005ea00ac477b1030ce78506496e8c2de24bf5,179302,130170,0xe14320d9bd60a137ec0fe23cef8ecbac9041d3aa
2023-03-31 01:48:23.000000 UTC,0x0000000000000000000000000000000000000000,0x1deb20db3aaf35397cb495a041536fd8bd2c8d44,219,0x0ef99de2f82b5348afa145053d95be16484d7812bd6785733a05425b5ce5ca93,7,0x1deb20db3aaf35397cb495a041536fd8bd2c8d44,0x00005ea00ac477b1030ce78506496e8c2de24bf5,179302,130170,0xe14320d9bd60a137ec0fe23cef8ecbac9041d3aa
2023-03-31 01:48:23.000000 UTC,0x0000000000000000000000000000000000000000,0x1deb20db3aaf35397cb495a041536fd8bd2c8d44,224,0x0ef99de2f82b5348afa145053d95be16484d7812bd6785733a05425b5ce5ca93,7,0x1deb20db3aaf35397cb495a041536fd8bd2c8d44,0x00005ea00ac477b1030ce78506496e8c2de24bf5,179302,130170,0xe14320d9bd60a137ec0fe23cef8ecbac9041d3aa
2023-03-31 01:48:23.000000 UTC,0x0000000000000000000000000000000000000000,0x1deb20db3aaf35397cb495a041536fd8bd2c8d44,221,0x0ef99de2f82b5348afa145053d95be16484d7812bd6785733a05425b5ce5ca93,7,0x1deb20db3aaf35397cb495a041536fd8bd2c8d44,0x00005ea00ac477b1030ce78506496e8c2de24bf5,179302,130170,0xe14320d9bd60a137ec0fe23cef8ecbac9041d3aa
2023-03-31 01:48:23.000000 UTC,0x0000000000000000000000000000000000000000,0x1deb20db3aaf35397cb495a041536fd8bd2c8d44,225,0x0ef99de2f82b5348afa145053d95be16484d7812bd6785733a05425b5ce5ca93,7,0x1deb20db3aaf35397cb495a041536fd8bd2c8d44,0x00005ea00ac477b1030ce78506496e8c2de24bf5,179302,130170,0xe14320d9bd60a137ec0fe23cef8ecbac9041d3aa
2023-03-31 01:48:23.000000 UTC,0x0000000000000000000000000000000000000000,0x1deb20db3aaf35397cb495a041536fd8bd2c8d44,226,0x0ef99de2f82b5348afa145053d95be16484d7812bd6785733a05425b5ce5ca93,7,0x1deb20db3aaf35397cb495a041536fd8bd2c8d44,0x00005ea00ac477b1030ce78506496e8c2de24bf5,179302,130170,0xe14320d9bd60a137ec0fe23cef8ecbac9041d3aa
2023-03-31 01:48:23.000000 UTC,0x0000000000000000000000000000000000000000,0x1deb20db3aaf35397cb495a041536fd8bd2c8d44,218,0x0ef99de2f82b5348afa145053d95be16484d7812bd6785733a05425b5ce5ca93,7,0x1deb20db3aaf35397cb495a041536fd8bd2c8d44,0x00005ea00ac477b1030ce78506496e8c2de24bf5,179302,130170,0xe14320d9bd60a137ec0fe23cef8ecbac9041d3aa
2023-03-31 01:48:23.000000 UTC,0x0000000000000000000000000000000000000000,0x1deb20db3aaf35397cb495a041536fd8bd2c8d44,220,0x0ef99de2f82b5348afa145053d95be16484d7812bd6785733a05425b5ce5ca93,7,0x1deb20db3aaf35397cb495a041536fd8bd2c8d44,0x00005ea00ac477b1030ce78506496e8c2de24bf5,179302,130170,0xe14320d9bd60a137ec0fe23cef8ecbac9041d3aa
2023-03-31 01:54:11.000000 UTC,0x0000000000000000000000000000000000000000,0x1ecdcd9f52959698c927a94d3f14d999f4202601,228,0x6d6cf5ad3eb9f17617ab74d66c2396ab53f9860c53475fe2993d5a17073ce260,219,0x1ecdcd9f52959698c927a94d3f14d999f4202601,0x00005ea00ac477b1030ce78506496e8c2de24bf5,156660,112753,0xe14320d9bd60a137ec0fe23cef8ecbac9041d3aa
2023-03-31 01:58:35.000000 UTC,0x0000000000000000000000000000000000000000,0xee170dbe915dcf58b73aaba023839baacd18734c,229,0x2b47c62e4ceb005b886ec04d94a74b043c9201910435080b45bf7d97cb2f56d7,0,0xee170dbe915dcf58b73aaba023839baacd18734c,0x00005ea00ac477b1030ce78506496e8c2de24bf5,156676,112765,0xe14320d9bd60a137ec0fe23cef8ecbac9041d3aa
