TOKEN_ADDRESS,BLOCK_TIMESTAMP,FROM_ADDRESS,TO_ADDRESS,VALUE,TRANSACTION_HASH,NONCE,FROM_ADDRESS_BLOCKCHAIN,TO_ADDRESS_BLOCKCHAIN,GAS,RECEIPT_GAS_USED
0xfe18be6b3bd88a2d2a7f928d00292e7a9963cfc6,2023-04-01 19:58:11+00:00,0xdecf04ca46d287b3cb99692ad512e568ba276140,0x7fc77b5c7614e1533320ea6ddc2eb61fa00a9714,2545075406969990897,0xa0330dfb1203460bd2b0ed2dd69274bd58a76579abfe9192af693bfae3dc430e,38824,0x1739b308d2232f9987975298c4459b5e51fa272e,0x84d99aa569d93a9ca187d83734c8c4a519c4e9b1,1870844,1216888
0xfe18be6b3bd88a2d2a7f928d00292e7a9963cfc6,2023-04-01 19:58:11+00:00,0x0000000000000000000000000000000000000000,0xdecf04ca46d287b3cb99692ad512e568ba276140,2545075406969990897,0xa0330dfb1203460bd2b0ed2dd69274bd58a76579abfe9192af693bfae3dc430e,38824,0x1739b308d2232f9987975298c4459b5e51fa272e,0x84d99aa569d93a9ca187d83734c8c4a519c4e9b1,1870844,1216888
0xfe18be6b3bd88a2d2a7f928d00292e7a9963cfc6,2023-04-02 08:39:35+00:00,0x6d98f705bdf4ee437b15d0de31a5a1a5e55ea14d,0x0000000000000000000000000000000000000000,7000000000000000,0x3152de65bfe09fff105e0f2f6dcb6c979885c03ea072f2d6221dc932adb2132a,213,0x6d98f705bdf4ee437b15d0de31a5a1a5e55ea14d,0xc011a73ee8576fb46f5e1c5751ca3b9fe0af2a6f,980193,792598
0xfe18be6b3bd88a2d2a7f928d00292e7a9963cfc6,2023-04-02 13:35:47+00:00,0xc2d019b901f8d4fdb2b9a65b5d226ad88c66ee8d,0xb1dc36ccf4282d7e1eba6a076b94d7d2aadb4e5e,695265460038645,0x07121b04043eac43421923615b71da66ffe644abde9cfcdb73c17999d97613db,18,0xb1dc36ccf4282d7e1eba6a076b94d7d2aadb4e5e,0xc2d019b901f8d4fdb2b9a65b5d226ad88c66ee8d,478647,308402
0xfe18be6b3bd88a2d2a7f928d00292e7a9963cfc6,2023-04-02 13:44:11+00:00,0xb1dc36ccf4282d7e1eba6a076b94d7d2aadb4e5e,0x99a58482bd75cbab83b27ec03ca68ff489b5788f,695265460038645,0x5acb2155a60ed767232f79ada30e079c447c28eb180f46f7a3bfb03de0807a4d,20,0xb1dc36ccf4282d7e1eba6a076b94d7d2aadb4e5e,0x99a58482bd75cbab83b27ec03ca68ff489b5788f,474436,295651
0xfe18be6b3bd88a2d2a7f928d00292e7a9963cfc6,2023-04-02 13:44:11+00:00,0x99a58482bd75cbab83b27ec03ca68ff489b5788f,0x7fc77b5c7614e1533320ea6ddc2eb61fa00a9714,695265460038645,0x5acb2155a60ed767232f79ada30e079c447c28eb180f46f7a3bfb03de0807a4d,20,0xb1dc36ccf4282d7e1eba6a076b94d7d2aadb4e5e,0x99a58482bd75cbab83b27ec03ca68ff489b5788f,474436,295651
0xfe18be6b3bd88a2d2a7f928d00292e7a9963cfc6,2023-04-02 14:21:59+00:00,0xed77777586d73c58eb4d6bebdf9c85c2d5f56c2d,0xba12222222228d8ba445958a75a0704d566bf2c8,994216792886904239,0xc87451cb16a7ea79f0c93f330d36a0dbea66edc3a7d4bbd4037062bcbb166b3a,72854,0x4425c20d8e84c48aebeb116cf7b9838d4833f78d,0xed77777586d73c58eb4d6bebdf9c85c2d5f56c2d,520342,340595
0xfe18be6b3bd88a2d2a7f928d00292e7a9963cfc6,2023-04-02 14:21:59+00:00,0xf253f83aca21aabd2a20553ae0bf7f65c755a07f,0xed77777586d73c58eb4d6bebdf9c85c2d5f56c2d,994216792886904239,0xc87451cb16a7ea79f0c93f330d36a0dbea66edc3a7d4bbd4037062bcbb166b3a,72854,0x4425c20d8e84c48aebeb116cf7b9838d4833f78d,0xed77777586d73c58eb4d6bebdf9c85c2d5f56c2d,520342,340595
0xfe18be6b3bd88a2d2a7f928d00292e7a9963cfc6,2023-04-02 20:24:35+00:00,0x1111111254fb6c44bac0bed2854e76f90643097d,0x50fe86cfc30f68fb1f238630f29dd8abf654db86,6973118080656345,0x3989d41a08c76e4dc0354b68cc38a16bacbccb38b6132ed2a285abb74534a100,53,0x50fe86cfc30f68fb1f238630f29dd8abf654db86,0x1111111254fb6c44bac0bed2854e76f90643097d,619823,423836
0xfe18be6b3bd88a2d2a7f928d00292e7a9963cfc6,2023-04-02 20:24:35+00:00,0x7122db0ebe4eb9b434a9f2ffe6760bc03bfbd0e0,0x1111111254fb6c44bac0bed2854e76f90643097d,6973118080656345,0x3989d41a08c76e4dc0354b68cc38a16bacbccb38b6132ed2a285abb74534a100,53,0x50fe86cfc30f68fb1f238630f29dd8abf654db86,0x1111111254fb6c44bac0bed2854e76f90643097d,619823,423836
0xfe18be6b3bd88a2d2a7f928d00292e7a9963cfc6,2023-04-02 20:24:35+00:00,0xf253f83aca21aabd2a20553ae0bf7f65c755a07f,0x7122db0ebe4eb9b434a9f2ffe6760bc03bfbd0e0,6973118080656345,0x3989d41a08c76e4dc0354b68cc38a16bacbccb38b6132ed2a285abb74534a100,53,0x50fe86cfc30f68fb1f238630f29dd8abf654db86,0x1111111254fb6c44bac0bed2854e76f90643097d,619823,423836
0xfe18be6b3bd88a2d2a7f928d00292e7a9963cfc6,2023-04-03 01:14:59+00:00,0x0f4c00139602ab502bc7c1c0e71d6cb72a9fb0e7,0x733edae6e38a04066d944bfbe233bc2021c8fc28,9525956963097025,0x21981fc357edf1e270cdb358be7771a6f51a5dc39a4e945ee0cf5105f6d2fb05,25,0x733edae6e38a04066d944bfbe233bc2021c8fc28,0x0f4c00139602ab502bc7c1c0e71d6cb72a9fb0e7,913601,672030
0xfe18be6b3bd88a2d2a7f928d00292e7a9963cfc6,2023-04-03 01:18:11+00:00,0x733edae6e38a04066d944bfbe233bc2021c8fc28,0x0000000000000000000000000000000000000000,9525956963097025,0xbeec7ce8493142fa5d5c9c57c979ca62c86b3755d3a6e1bef80ab54b74a6f977,27,0x733edae6e38a04066d944bfbe233bc2021c8fc28,0xc011a73ee8576fb46f5e1c5751ca3b9fe0af2a6f,1085013,784477
0xfe18be6b3bd88a2d2a7f928d00292e7a9963cfc6,2023-04-03 03:08:59+00:00,0xf253f83aca21aabd2a20553ae0bf7f65c755a07f,0xf2bdcb1ec8810c35bf9b947371820c199bd775db,2136668915954650869,0x1f90a66e66063f4533f55c0cfb69b4878d09428bfd28a7b1f3fa7d23248df817,954,0xe011cca69a39b662f59533dd977ee6aab6733f68,0xf2bdcb1ec8810c35bf9b947371820c199bd775db,1400000,484454
0xfe18be6b3bd88a2d2a7f928d00292e7a9963cfc6,2023-04-03 03:08:59+00:00,0xf2bdcb1ec8810c35bf9b947371820c199bd775db,0x7fc77b5c7614e1533320ea6ddc2eb61fa00a9714,2136668915954650869,0x1f90a66e66063f4533f55c0cfb69b4878d09428bfd28a7b1f3fa7d23248df817,954,0xe011cca69a39b662f59533dd977ee6aab6733f68,0xf2bdcb1ec8810c35bf9b947371820c199bd775db,1400000,484454
0xfe18be6b3bd88a2d2a7f928d00292e7a9963cfc6,2023-04-04 02:23:11+00:00,0xdecf04ca46d287b3cb99692ad512e568ba276140,0x7fc77b5c7614e1533320ea6ddc2eb61fa00a9714,2675805386129999446,0x7a2d1ea3808f545811e760dd7bf3fe3ec5c697549a3df986f7e0c7e7968b2a56,39211,0x1739b308d2232f9987975298c4459b5e51fa272e,0x84d99aa569d93a9ca187d83734c8c4a519c4e9b1,1766314,1175690
0xfe18be6b3bd88a2d2a7f928d00292e7a9963cfc6,2023-04-04 02:23:11+00:00,0x0000000000000000000000000000000000000000,0xdecf04ca46d287b3cb99692ad512e568ba276140,2675805386129999446,0x7a2d1ea3808f545811e760dd7bf3fe3ec5c697549a3df986f7e0c7e7968b2a56,39211,0x1739b308d2232f9987975298c4459b5e51fa272e,0x84d99aa569d93a9ca187d83734c8c4a519c4e9b1,1766314,1175690
0xfe18be6b3bd88a2d2a7f928d00292e7a9963cfc6,2023-04-04 15:49:35+00:00,0x3d71d79c224998e608d03c5ec9b405e7a38505f0,0xba12222222228d8ba445958a75a0704d566bf2c8,127315715380467203,0x84efe9542bee6786c3a247c9a2ccfbfc4cf5306254f0ef0bf0da3f65dcde29a1,8284,0xea97be92160121a4ee95a1be3fd61c7e663596d9,0x3d71d79c224998e608d03c5ec9b405e7a38505f0,1078977,658470
0xfe18be6b3bd88a2d2a7f928d00292e7a9963cfc6,2023-04-04 15:49:35+00:00,0x7fc77b5c7614e1533320ea6ddc2eb61fa00a9714,0x3d71d79c224998e608d03c5ec9b405e7a38505f0,127315715380467203,0x84efe9542bee6786c3a247c9a2ccfbfc4cf5306254f0ef0bf0da3f65dcde29a1,8284,0xea97be92160121a4ee95a1be3fd61c7e663596d9,0x3d71d79c224998e608d03c5ec9b405e7a38505f0,1078977,658470
0xfe18be6b3bd88a2d2a7f928d00292e7a9963cfc6,2023-04-04 17:27:47+00:00,0x0cf65dcf23c3a67d1a220a2732b5c2f7921a30c4,0xf21252c8fc21cdf17952d52ac53d2865308e4950,5964186437007805,0xdfdbac908fe6794f0d36109cb0bb8c1e9113b463d5b8ea6aada512234ebdc6b1,52,0xf21252c8fc21cdf17952d52ac53d2865308e4950,0x0cf65dcf23c3a67d1a220a2732b5c2f7921a30c4,549531,531655
0xfe18be6b3bd88a2d2a7f928d00292e7a9963cfc6,2023-04-05 00:47:11+00:00,0x3c0756ba2b1d702f8f63629555625b11be81546f,0xf253f83aca21aabd2a20553ae0bf7f65c755a07f,10737400564683512802,0xea11527d2665168ac954e88342a3bbe1e1889a0f2ffd897bbf07261068526741,185,0xe6693e3734ab2d7423967e4f642bee4c4393043b,0x3c0756ba2b1d702f8f63629555625b11be81546f,3000009,507208
0xfe18be6b3bd88a2d2a7f928d00292e7a9963cfc6,2023-04-05 00:47:11+00:00,0x7fc77b5c7614e1533320ea6ddc2eb61fa00a9714,0x3c0756ba2b1d702f8f63629555625b11be81546f,10737400564683512802,0xea11527d2665168ac954e88342a3bbe1e1889a0f2ffd897bbf07261068526741,185,0xe6693e3734ab2d7423967e4f642bee4c4393043b,0x3c0756ba2b1d702f8f63629555625b11be81546f,3000009,507208
0xfe18be6b3bd88a2d2a7f928d00292e7a9963cfc6,2023-04-05 13:58:59+00:00,0x7fc77b5c7614e1533320ea6ddc2eb61fa00a9714,0xed77777586d73c58eb4d6bebdf9c85c2d5f56c2d,1099092670328709937,0xcf5ce7cee0e3656dba17d478b57b552c36fd96e402a6a7649cc1d5b40188b658,72903,0x4425c20d8e84c48aebeb116cf7b9838d4833f78d,0xed77777586d73c58eb4d6bebdf9c85c2d5f56c2d,572991,374994
0xfe18be6b3bd88a2d2a7f928d00292e7a9963cfc6,2023-04-05 13:58:59+00:00,0xed77777586d73c58eb4d6bebdf9c85c2d5f56c2d,0xba12222222228d8ba445958a75a0704d566bf2c8,1099081685381566720,0xcf5ce7cee0e3656dba17d478b57b552c36fd96e402a6a7649cc1d5b40188b658,72903,0x4425c20d8e84c48aebeb116cf7b9838d4833f78d,0xed77777586d73c58eb4d6bebdf9c85c2d5f56c2d,572991,374994
0xfe18be6b3bd88a2d2a7f928d00292e7a9963cfc6,2023-04-05 14:05:59+00:00,0x7fc77b5c7614e1533320ea6ddc2eb61fa00a9714,0xecb456ea5365865ebab8a2661b0c503410e9b347,3569381520911794,0x7a00529c433bc1656b4810e8d7b8caa415513d75c275ac1df0d6abba8c535c81,4514,0x8c73d39b2da2dd1a10cc16502bc7c8d768ec74c9,0xecb456ea5365865ebab8a2661b0c503410e9b347,2335888,1868538
0xfe18be6b3bd88a2d2a7f928d00292e7a9963cfc6,2023-04-05 14:22:11+00:00,0x7fc77b5c7614e1533320ea6ddc2eb61fa00a9714,0x99a58482bd75cbab83b27ec03ca68ff489b5788f,17825718823927633,0xd0b9762c891787b198670780cd1fca2cf050ae1542ff5776d9dd4cde424434d5,4532,0x8c73d39b2da2dd1a10cc16502bc7c8d768ec74c9,0xecb456ea5365865ebab8a2661b0c503410e9b347,4517141,3280636
0xfe18be6b3bd88a2d2a7f928d00292e7a9963cfc6,2023-04-05 14:22:11+00:00,0x99a58482bd75cbab83b27ec03ca68ff489b5788f,0x67a0213310202dbc2cbe788f4349b72fba90f9fa,17825718823927633,0xd0b9762c891787b198670780cd1fca2cf050ae1542ff5776d9dd4cde424434d5,4532,0x8c73d39b2da2dd1a10cc16502bc7c8d768ec74c9,0xecb456ea5365865ebab8a2661b0c503410e9b347,4517141,3280636
0xfe18be6b3bd88a2d2a7f928d00292e7a9963cfc6,2023-04-06 08:50:11+00:00,0x0ac1dba8252240589266194f9c27a42229e84b19,0x69df3681df7081abb72e0adf097a6bf9664d3286,3919647725231870,0x5d7048346b229aa95b69cce7080e836ed16aae06ff65624d37c96eb0c4e26a54,569,0x69df3681df7081abb72e0adf097a6bf9664d3286,0x0ac1dba8252240589266194f9c27a42229e84b19,1033399,727097
0xfe18be6b3bd88a2d2a7f928d00292e7a9963cfc6,2023-04-06 09:26:11+00:00,0x99a58482bd75cbab83b27ec03ca68ff489b5788f,0xf253f83aca21aabd2a20553ae0bf7f65c755a07f,3919647725231870,0x77d202a3d263dabe81476279e2ca8f030a745cf0dbf34aea10450612918032c2,575,0x69df3681df7081abb72e0adf097a6bf9664d3286,0x99a58482bd75cbab83b27ec03ca68ff489b5788f,1113850,694114
0xfe18be6b3bd88a2d2a7f928d00292e7a9963cfc6,2023-04-06 09:26:11+00:00,0x69df3681df7081abb72e0adf097a6bf9664d3286,0x99a58482bd75cbab83b27ec03ca68ff489b5788f,3919647725231870,0x77d202a3d263dabe81476279e2ca8f030a745cf0dbf34aea10450612918032c2,575,0x69df3681df7081abb72e0adf097a6bf9664d3286,0x99a58482bd75cbab83b27ec03ca68ff489b5788f,1113850,694114
0xfe18be6b3bd88a2d2a7f928d00292e7a9963cfc6,2023-04-06 10:35:35+00:00,0x99a58482bd75cbab83b27ec03ca68ff489b5788f,0xf253f83aca21aabd2a20553ae0bf7f65c755a07f,1183436499191145886,0x1ec15bc3b23ae422d33f9bf3a95d56a46aafb2658697fd4d1ab48f59825f6771,3,0x27d139f609a4881f5738ccab370e158d2cd7bdd3,0x99a58482bd75cbab83b27ec03ca68ff489b5788f,1029156,649559
0xfe18be6b3bd88a2d2a7f928d00292e7a9963cfc6,2023-04-06 10:35:35+00:00,0x7fc77b5c7614e1533320ea6ddc2eb61fa00a9714,0x99a58482bd75cbab83b27ec03ca68ff489b5788f,1183436499191145886,0x1ec15bc3b23ae422d33f9bf3a95d56a46aafb2658697fd4d1ab48f59825f6771,3,0x27d139f609a4881f5738ccab370e158d2cd7bdd3,0x99a58482bd75cbab83b27ec03ca68ff489b5788f,1029156,649559
0xfe18be6b3bd88a2d2a7f928d00292e7a9963cfc6,2023-04-06 18:22:11+00:00,0x0cf65dcf23c3a67d1a220a2732b5c2f7921a30c4,0xac0162825cbc070cb6a8d197fdd542ba89bd5e4d,2421081529191789,0x1becec7ec8fad3cb2717eb4b6c5352146ab4a491851fb757840cff38633260fe,5,0xac0162825cbc070cb6a8d197fdd542ba89bd5e4d,0x0cf65dcf23c3a67d1a220a2732b5c2f7921a30c4,549531,531655
0xfe18be6b3bd88a2d2a7f928d00292e7a9963cfc6,2023-04-07 07:44:11+00:00,0xe4000004000bd8006e00720000d27d1fa000d43e,0x945facb997494cc2570096c74b5f66a3507330a1,532693169599005282,0xa467de63c2afe2e31767c2e7ae9bf2da6270fdf62592218f3064cd71896871fc,27192,0xa06c3c08a19e51b33309eddfb356c33ead8517a3,0xe4000004000bd8006e00720000d27d1fa000d43e,2100014,430852
0xfe18be6b3bd88a2d2a7f928d00292e7a9963cfc6,2023-04-07 07:44:11+00:00,0xf253f83aca21aabd2a20553ae0bf7f65c755a07f,0xe4000004000bd8006e00720000d27d1fa000d43e,532746444243429624,0xa467de63c2afe2e31767c2e7ae9bf2da6270fdf62592218f3064cd71896871fc,27192,0xa06c3c08a19e51b33309eddfb356c33ead8517a3,0xe4000004000bd8006e00720000d27d1fa000d43e,2100014,430852
0xfe18be6b3bd88a2d2a7f928d00292e7a9963cfc6,2023-04-07 18:26:59+00:00,0x0cf65dcf23c3a67d1a220a2732b5c2f7921a30c4,0xb271769c54b07e33e7f9f337fac2988c404e1da9,2457347059334004,0x319e1f6fb09c18460da7cd7f69af5c03761c0be5e2d31282c9c5b921a5e86404,1423,0xb271769c54b07e33e7f9f337fac2988c404e1da9,0x0cf65dcf23c3a67d1a220a2732b5c2f7921a30c4,532159,514555
0xfe18be6b3bd88a2d2a7f928d00292e7a9963cfc6,2023-04-07 19:30:35+00:00,0x0cf65dcf23c3a67d1a220a2732b5c2f7921a30c4,0xed2c2cdec695be3a4dc421c1a8a6756dc5a927b6,4902137465287292,0x16ef1a737b4d59263f59dbbf11019d348cbf6b4c0ceeb1c885c27f2adb3e89d8,2488,0xed2c2cdec695be3a4dc421c1a8a6756dc5a927b6,0x0cf65dcf23c3a67d1a220a2732b5c2f7921a30c4,540997,523255
0xfe18be6b3bd88a2d2a7f928d00292e7a9963cfc6,2023-04-08 14:44:23+00:00,0x99a58482bd75cbab83b27ec03ca68ff489b5788f,0x7fc77b5c7614e1533320ea6ddc2eb61fa00a9714,11605962821773177,0xc97a37729ea22bbb04f9c4cd58cd03202a34ab4ea3552ce7d701212749cb8a00,23,0x9ba6fdbacbd23ab0d9e10138e340b204fd0b4663,0x99a58482bd75cbab83b27ec03ca68ff489b5788f,1198626,756788
0xfe18be6b3bd88a2d2a7f928d00292e7a9963cfc6,2023-04-08 14:44:23+00:00,0xf253f83aca21aabd2a20553ae0bf7f65c755a07f,0x99a58482bd75cbab83b27ec03ca68ff489b5788f,11605962821773177,0xc97a37729ea22bbb04f9c4cd58cd03202a34ab4ea3552ce7d701212749cb8a00,23,0x9ba6fdbacbd23ab0d9e10138e340b204fd0b4663,0x99a58482bd75cbab83b27ec03ca68ff489b5788f,1198626,756788
0xfe18be6b3bd88a2d2a7f928d00292e7a9963cfc6,2023-04-08 15:46:23+00:00,0x99a58482bd75cbab83b27ec03ca68ff489b5788f,0x7fc77b5c7614e1533320ea6ddc2eb61fa00a9714,14453398483214297,0x952c81380a9492fa2ccfd35eef94d9590d48d97c3bc8a9a05282cee9cf1299f3,673,0xb8ccb3596e361f9b43b8b926e5ab307a060edc3b,0x99a58482bd75cbab83b27ec03ca68ff489b5788f,1106238,680763
0xfe18be6b3bd88a2d2a7f928d00292e7a9963cfc6,2023-04-08 15:46:23+00:00,0xf253f83aca21aabd2a20553ae0bf7f65c755a07f,0x99a58482bd75cbab83b27ec03ca68ff489b5788f,14453398483214297,0x952c81380a9492fa2ccfd35eef94d9590d48d97c3bc8a9a05282cee9cf1299f3,673,0xb8ccb3596e361f9b43b8b926e5ab307a060edc3b,0x99a58482bd75cbab83b27ec03ca68ff489b5788f,1106238,680763
0xfe18be6b3bd88a2d2a7f928d00292e7a9963cfc6,2023-04-08 19:54:11+00:00,0x66fc1285e3db412e88ed151983f4aa08a0ae5222,0x46a968f38f2ef98eb51cc8c8a2c641fd47042964,105298902457056733,0x030dc6ae8020f5effa33b43fbbfdf2d332f61e7b9098a29b511fbcb7fb5a60a9,1556,0x46a968f38f2ef98eb51cc8c8a2c641fd47042964,0x66fc1285e3db412e88ed151983f4aa08a0ae5222,1130823,746404
0xfe18be6b3bd88a2d2a7f928d00292e7a9963cfc6,2023-04-09 18:03:59+00:00,0x0cf65dcf23c3a67d1a220a2732b5c2f7921a30c4,0x768263481c4703c22144558112d931b683492b52,677348284649105,0x86cc74fbd8107415fe3417c91619f134b8861126719f2cc12700b0993e2b1508,2033,0x768263481c4703c22144558112d931b683492b52,0x0cf65dcf23c3a67d1a220a2732b5c2f7921a30c4,549507,536431
0xfe18be6b3bd88a2d2a7f928d00292e7a9963cfc6,2023-04-11 02:33:23+00:00,0x7fc77b5c7614e1533320ea6ddc2eb61fa00a9714,0x0b3f6d4a5d6835137ccb2c1248f5a7d882c0dbda,2019956529208811178,0x964c5d096dd575e3c215d87e139e7d10579181a6815c3cf7add218e6727df6c9,534,0xaf06e7ca8e77bd17dee07d7c7fcbd33d6689231a,0x1111111254eeb25477b68fb85ed929f73a960582,2912416,2189412
0xfe18be6b3bd88a2d2a7f928d00292e7a9963cfc6,2023-04-11 02:33:23+00:00,0x0b3f6d4a5d6835137ccb2c1248f5a7d882c0dbda,0x0000000000000000000000000000000000000000,2019956529208811177,0x964c5d096dd575e3c215d87e139e7d10579181a6815c3cf7add218e6727df6c9,534,0xaf06e7ca8e77bd17dee07d7c7fcbd33d6689231a,0x1111111254eeb25477b68fb85ed929f73a960582,2912416,2189412
0xfe18be6b3bd88a2d2a7f928d00292e7a9963cfc6,2023-04-11 11:33:35+00:00,0xd076b9865feb49a43aa38c06b0432df6b6cbca9e,0x4b828f9b3bf03113751c045c11266cce6a9d4b21,9098276413881171,0x0fa1268bfd3e41d6a7875b7e4eb5b0de079c2707471b84fab8b9aebebea8e372,240,0x4b828f9b3bf03113751c045c11266cce6a9d4b21,0xd076b9865feb49a43aa38c06b0432df6b6cbca9e,629073,466242
0xfe18be6b3bd88a2d2a7f928d00292e7a9963cfc6,2023-04-12 12:42:59+00:00,0x786b374b5eef874279f4b7b4de16940e57301a58,0x0000000000000000000000000000000000000000,21395100344839427,0x7bd8d817128c63e2a2b6e3030338fc0e9e898cfe9f7ba48a019b72d45d7a37a8,4588,0x8c73d39b2da2dd1a10cc16502bc7c8d768ec74c9,0xecb456ea5365865ebab8a2661b0c503410e9b347,5172548,3692945
0xfe18be6b3bd88a2d2a7f928d00292e7a9963cfc6,2023-04-12 12:42:59+00:00,0xecb456ea5365865ebab8a2661b0c503410e9b347,0x67a0213310202dbc2cbe788f4349b72fba90f9fa,3569381520911794,0x7bd8d817128c63e2a2b6e3030338fc0e9e898cfe9f7ba48a019b72d45d7a37a8,4588,0x8c73d39b2da2dd1a10cc16502bc7c8d768ec74c9,0xecb456ea5365865ebab8a2661b0c503410e9b347,5172548,3692945
0xfe18be6b3bd88a2d2a7f928d00292e7a9963cfc6,2023-04-12 12:42:59+00:00,0x67a0213310202dbc2cbe788f4349b72fba90f9fa,0x786b374b5eef874279f4b7b4de16940e57301a58,21395100344839427,0x7bd8d817128c63e2a2b6e3030338fc0e9e898cfe9f7ba48a019b72d45d7a37a8,4588,0x8c73d39b2da2dd1a10cc16502bc7c8d768ec74c9,0xecb456ea5365865ebab8a2661b0c503410e9b347,5172548,3692945
0xfe18be6b3bd88a2d2a7f928d00292e7a9963cfc6,2023-04-15 10:45:35+00:00,0x7fc77b5c7614e1533320ea6ddc2eb61fa00a9714,0x99a58482bd75cbab83b27ec03ca68ff489b5788f,8171460872730167,0x94f9b889c0884006ddf809e67674fa6580b73436f3a1f0c410121d167dc783ee,86,0xb097e407847e371810b31142d7213c7874d88ece,0x99a58482bd75cbab83b27ec03ca68ff489b5788f,1064527,678914
0xfe18be6b3bd88a2d2a7f928d00292e7a9963cfc6,2023-04-15 10:45:35+00:00,0x99a58482bd75cbab83b27ec03ca68ff489b5788f,0xb097e407847e371810b31142d7213c7874d88ece,8171460872730167,0x94f9b889c0884006ddf809e67674fa6580b73436f3a1f0c410121d167dc783ee,86,0xb097e407847e371810b31142d7213c7874d88ece,0x99a58482bd75cbab83b27ec03ca68ff489b5788f,1064527,678914
0xfe18be6b3bd88a2d2a7f928d00292e7a9963cfc6,2023-04-15 10:49:35+00:00,0xb097e407847e371810b31142d7213c7874d88ece,0xf253f83aca21aabd2a20553ae0bf7f65c755a07f,8171460872730167,0x1c69bf723a64b71100c8986a3b5faba2db4b35e132c6dedf1d48d904f5933ccf,89,0xb097e407847e371810b31142d7213c7874d88ece,0xf253f83aca21aabd2a20553ae0bf7f65c755a07f,355247,241566
0xfe18be6b3bd88a2d2a7f928d00292e7a9963cfc6,2023-04-15 19:39:59+00:00,0x0cf65dcf23c3a67d1a220a2732b5c2f7921a30c4,0xa0bad0ea344e2e7ea14203fa167ceaf5bec72aa5,784309890740739,0x513440184a89387ab77565f882e44633a9b141d7186d1fd6eeb43a4396ebdf4d,297,0xa0bad0ea344e2e7ea14203fa167ceaf5bec72aa5,0x0cf65dcf23c3a67d1a220a2732b5c2f7921a30c4,549531,531655
0xfe18be6b3bd88a2d2a7f928d00292e7a9963cfc6,2023-04-16 08:51:35+00:00,0x99a58482bd75cbab83b27ec03ca68ff489b5788f,0x7fc77b5c7614e1533320ea6ddc2eb61fa00a9714,12989175839178133,0x9fc45f4bd80cb469d2d379acb62f0dd53a8030f08ece01936e39b3fd85b462f2,1361,0xa136a3abc184bf70de3614822b2a6e6d8df018e5,0x99a58482bd75cbab83b27ec03ca68ff489b5788f,497369,313292
0xfe18be6b3bd88a2d2a7f928d00292e7a9963cfc6,2023-04-16 08:51:35+00:00,0xa136a3abc184bf70de3614822b2a6e6d8df018e5,0x99a58482bd75cbab83b27ec03ca68ff489b5788f,12989175839178133,0x9fc45f4bd80cb469d2d379acb62f0dd53a8030f08ece01936e39b3fd85b462f2,1361,0xa136a3abc184bf70de3614822b2a6e6d8df018e5,0x99a58482bd75cbab83b27ec03ca68ff489b5788f,497369,313292
0xfe18be6b3bd88a2d2a7f928d00292e7a9963cfc6,2023-04-16 13:20:23+00:00,0x0cf65dcf23c3a67d1a220a2732b5c2f7921a30c4,0x6add57a60a776d29ff0b0dac1937f86d31dbeb6b,903339666037704,0xdd80cdccb6e4fa1b776d10f7a56175a9275f18db79e7a926010f0ed8475d89a4,48,0x6add57a60a776d29ff0b0dac1937f86d31dbeb6b,0x0cf65dcf23c3a67d1a220a2732b5c2f7921a30c4,546686,528855
0xfe18be6b3bd88a2d2a7f928d00292e7a9963cfc6,2023-04-17 17:33:23+00:00,0x22f9dcf4647084d6c31b2765f6910cd85c178c18,0x33be2a7cf4bb94d28131116f840d313cab1ed2da,11342666935345440,0x6977ce6ab193c1587a164ba3388f7691ce1b079a5e5e126c982a985bb352e455,1,0x1270aac999ea7efa7b96371eb17bdbc56611f319,0x33be2a7cf4bb94d28131116f840d313cab1ed2da,672277,589877
0xfe18be6b3bd88a2d2a7f928d00292e7a9963cfc6,2023-04-17 17:33:23+00:00,0x33be2a7cf4bb94d28131116f840d313cab1ed2da,0x1270aac999ea7efa7b96371eb17bdbc56611f319,11342666935345440,0x6977ce6ab193c1587a164ba3388f7691ce1b079a5e5e126c982a985bb352e455,1,0x1270aac999ea7efa7b96371eb17bdbc56611f319,0x33be2a7cf4bb94d28131116f840d313cab1ed2da,672277,589877
0xfe18be6b3bd88a2d2a7f928d00292e7a9963cfc6,2023-04-17 17:33:23+00:00,0xc2d019b901f8d4fdb2b9a65b5d226ad88c66ee8d,0x22f9dcf4647084d6c31b2765f6910cd85c178c18,11342666935345440,0x6977ce6ab193c1587a164ba3388f7691ce1b079a5e5e126c982a985bb352e455,1,0x1270aac999ea7efa7b96371eb17bdbc56611f319,0x33be2a7cf4bb94d28131116f840d313cab1ed2da,672277,589877
0xfe18be6b3bd88a2d2a7f928d00292e7a9963cfc6,2023-04-19 12:52:59+00:00,0xb47d8f87c0113827d44ad0bc32d53823c477a89d,0x0000000000000000000000000000000000000000,150000000000000000,0x4996c88df7b92100d1d99931f8c2bb7891a5c9fad2f34ccc12e0b2c24c4087b4,9992,0xb47d8f87c0113827d44ad0bc32d53823c477a89d,0xc011a73ee8576fb46f5e1c5751ca3b9fe0af2a6f,966258,782317
0xfe18be6b3bd88a2d2a7f928d00292e7a9963cfc6,2023-04-19 12:57:11+00:00,0x99a58482bd75cbab83b27ec03ca68ff489b5788f,0x00702bbdead24c40647f235f15971db0867f6bdb,30447396465163214,0x988eb8f8baecf0ae95d5489fe317f2cabe14b0a6456fb4ca61b7da6f99c436f7,4641,0x8c73d39b2da2dd1a10cc16502bc7c8d768ec74c9,0xecb456ea5365865ebab8a2661b0c503410e9b347,4601762,3606857
0xfe18be6b3bd88a2d2a7f928d00292e7a9963cfc6,2023-04-19 12:57:11+00:00,0x7fc77b5c7614e1533320ea6ddc2eb61fa00a9714,0x99a58482bd75cbab83b27ec03ca68ff489b5788f,30447396465163214,0x988eb8f8baecf0ae95d5489fe317f2cabe14b0a6456fb4ca61b7da6f99c436f7,4641,0x8c73d39b2da2dd1a10cc16502bc7c8d768ec74c9,0xecb456ea5365865ebab8a2661b0c503410e9b347,4601762,3606857
0xfe18be6b3bd88a2d2a7f928d00292e7a9963cfc6,2023-04-19 12:57:11+00:00,0x00702bbdead24c40647f235f15971db0867f6bdb,0x0000000000000000000000000000000000000000,30447396465163214,0x988eb8f8baecf0ae95d5489fe317f2cabe14b0a6456fb4ca61b7da6f99c436f7,4641,0x8c73d39b2da2dd1a10cc16502bc7c8d768ec74c9,0xecb456ea5365865ebab8a2661b0c503410e9b347,4601762,3606857
0xfe18be6b3bd88a2d2a7f928d00292e7a9963cfc6,2023-04-21 15:52:23+00:00,0x0000000000000000000000000000000000000000,0x6b600568ea5e9f07f7f9dc6e117bcab08f5b0e2f,6279747645051177572,0x708ba82032eb9f1d668a7abaaee6fb496ffe5fe6b59b78eeb28ea53e1374d85e,332,0x741c0655707cd7276a6664bbc3c07bac152df84e,0x58a3c68e2d3aaf316239c003779f71acb870ee47,1591948,1194067
0xfe18be6b3bd88a2d2a7f928d00292e7a9963cfc6,2023-04-21 16:01:47+00:00,0x99a58482bd75cbab83b27ec03ca68ff489b5788f,0x7fc77b5c7614e1533320ea6ddc2eb61fa00a9714,6297662322104916604,0xc98c22a5e77dea81516048051f01e591b490c2e0d2010274747c57a6bc4d42c5,333,0x741c0655707cd7276a6664bbc3c07bac152df84e,0x58a3c68e2d3aaf316239c003779f71acb870ee47,953203,639236
0xfe18be6b3bd88a2d2a7f928d00292e7a9963cfc6,2023-04-21 16:01:47+00:00,0x0000000000000000000000000000000000000000,0x6b600568ea5e9f07f7f9dc6e117bcab08f5b0e2f,17914677053739032,0xc98c22a5e77dea81516048051f01e591b490c2e0d2010274747c57a6bc4d42c5,333,0x741c0655707cd7276a6664bbc3c07bac152df84e,0x58a3c68e2d3aaf316239c003779f71acb870ee47,953203,639236
0xfe18be6b3bd88a2d2a7f928d00292e7a9963cfc6,2023-04-21 16:01:47+00:00,0x6b600568ea5e9f07f7f9dc6e117bcab08f5b0e2f,0x99a58482bd75cbab83b27ec03ca68ff489b5788f,6297662322104916604,0xc98c22a5e77dea81516048051f01e591b490c2e0d2010274747c57a6bc4d42c5,333,0x741c0655707cd7276a6664bbc3c07bac152df84e,0x58a3c68e2d3aaf316239c003779f71acb870ee47,953203,639236
0xfe18be6b3bd88a2d2a7f928d00292e7a9963cfc6,2023-04-21 17:17:35+00:00,0x7fc77b5c7614e1533320ea6ddc2eb61fa00a9714,0x0000000000a84d1a9b0063a910315c7ffa9cd248,1804731925929790221,0x612844bc3be3dce2a4b035ed870e9624c9dbfda2fcc78952e3af89534f9eda83,1183,0xfd0169ac61763adc2168237757dc7e4a792b2a43,0x0000000000a84d1a9b0063a910315c7ffa9cd248,970000,644562
0xfe18be6b3bd88a2d2a7f928d00292e7a9963cfc6,2023-04-21 17:17:35+00:00,0x0000000000a84d1a9b0063a910315c7ffa9cd248,0xf253f83aca21aabd2a20553ae0bf7f65c755a07f,1804731925929790221,0x612844bc3be3dce2a4b035ed870e9624c9dbfda2fcc78952e3af89534f9eda83,1183,0xfd0169ac61763adc2168237757dc7e4a792b2a43,0x0000000000a84d1a9b0063a910315c7ffa9cd248,970000,644562
0xfe18be6b3bd88a2d2a7f928d00292e7a9963cfc6,2023-04-21 18:25:35+00:00,0x609262f06dc1967ee0c475991b2030cca4233741,0x0000000000000000000000000000000000000000,1998795517176086171,0x9878d54734f51db77971a6a7b9ac8094c7a26e4c5ef49d5a020410f61ca00db4,120993,0x55dcad916750c19c4ec69d65ff0317767b36ce90,0x84d99aa569d93a9ca187d83734c8c4a519c4e9b1,1813335,1215399
0xfe18be6b3bd88a2d2a7f928d00292e7a9963cfc6,2023-04-21 18:25:35+00:00,0x7fc77b5c7614e1533320ea6ddc2eb61fa00a9714,0x609262f06dc1967ee0c475991b2030cca4233741,1998795517176086172,0x9878d54734f51db77971a6a7b9ac8094c7a26e4c5ef49d5a020410f61ca00db4,120993,0x55dcad916750c19c4ec69d65ff0317767b36ce90,0x84d99aa569d93a9ca187d83734c8c4a519c4e9b1,1813335,1215399
0xfe18be6b3bd88a2d2a7f928d00292e7a9963cfc6,2023-04-23 23:38:35+00:00,0xf253f83aca21aabd2a20553ae0bf7f65c755a07f,0x009839c851694ef61ca0dd9789b3f51018ecbb5a,49978048968118624,0x4326a94a6e3857a4b7f4d0e1fd3e44ab709e1946dbcfb06089164819eb7bd335,65,0x009839c851694ef61ca0dd9789b3f51018ecbb5a,0xf253f83aca21aabd2a20553ae0bf7f65c755a07f,308877,215497
0xfe18be6b3bd88a2d2a7f928d00292e7a9963cfc6,2023-04-23 23:39:47+00:00,0x009839c851694ef61ca0dd9789b3f51018ecbb5a,0xf253f83aca21aabd2a20553ae0bf7f65c755a07f,49978048968118624,0x74476c83a6d8ff82ea29bd3ca08d4a2bb491edb0d174ff7761dec37987fdd545,67,0x009839c851694ef61ca0dd9789b3f51018ecbb5a,0xf253f83aca21aabd2a20553ae0bf7f65c755a07f,355262,241578
0xfe18be6b3bd88a2d2a7f928d00292e7a9963cfc6,2023-04-24 06:06:11+00:00,0x0cf65dcf23c3a67d1a220a2732b5c2f7921a30c4,0x6442c72abd1a9d14c303277a8c994fae295b6bcb,1460367920854261,0xa5ed1c0062f28e24b7a31967f5f939c57afd48e998799476d0629993173c1f81,637,0x6442c72abd1a9d14c303277a8c994fae295b6bcb,0x0cf65dcf23c3a67d1a220a2732b5c2f7921a30c4,549519,531643
0xfe18be6b3bd88a2d2a7f928d00292e7a9963cfc6,2023-04-25 23:53:59+00:00,0xf253f83aca21aabd2a20553ae0bf7f65c755a07f,0xed77777586d73c58eb4d6bebdf9c85c2d5f56c2d,1485767410415831543,0x3136566e750607be973f9c811ec884ac1e01eaaf82d58997987a309a46534050,73081,0x4425c20d8e84c48aebeb116cf7b9838d4833f78d,0xed77777586d73c58eb4d6bebdf9c85c2d5f56c2d,520342,340595
0xfe18be6b3bd88a2d2a7f928d00292e7a9963cfc6,2023-04-25 23:53:59+00:00,0xed77777586d73c58eb4d6bebdf9c85c2d5f56c2d,0xba12222222228d8ba445958a75a0704d566bf2c8,1485767410415831543,0x3136566e750607be973f9c811ec884ac1e01eaaf82d58997987a309a46534050,73081,0x4425c20d8e84c48aebeb116cf7b9838d4833f78d,0xed77777586d73c58eb4d6bebdf9c85c2d5f56c2d,520342,340595
0xfe18be6b3bd88a2d2a7f928d00292e7a9963cfc6,2023-04-27 00:28:35+00:00,0x1136b25047e142fa3018184793aec68fbb173ce4,0x0000000000000000000000000000000000000000,7527883651278985691,0xbc766b0dc961544d9a2dafce5d86ed61a88d3d090a52e6101336943e2c2655ac,3575,0x398890be7c4fac5d766e1aeffde44b2ee99f38ef,0x9008d19f58aabd9ed0d60971565aa8510560ab41,8280244,2710409
0xfe18be6b3bd88a2d2a7f928d00292e7a9963cfc6,2023-04-27 00:28:35+00:00,0x7fc77b5c7614e1533320ea6ddc2eb61fa00a9714,0x1136b25047e142fa3018184793aec68fbb173ce4,7510218973986712877,0xbc766b0dc961544d9a2dafce5d86ed61a88d3d090a52e6101336943e2c2655ac,3575,0x398890be7c4fac5d766e1aeffde44b2ee99f38ef,0x9008d19f58aabd9ed0d60971565aa8510560ab41,8280244,2710409
0xfe18be6b3bd88a2d2a7f928d00292e7a9963cfc6,2023-04-27 00:28:35+00:00,0x7fc77b5c7614e1533320ea6ddc2eb61fa00a9714,0x1136b25047e142fa3018184793aec68fbb173ce4,7527883651278985692,0xbc766b0dc961544d9a2dafce5d86ed61a88d3d090a52e6101336943e2c2655ac,3575,0x398890be7c4fac5d766e1aeffde44b2ee99f38ef,0x9008d19f58aabd9ed0d60971565aa8510560ab41,8280244,2710409
0xfe18be6b3bd88a2d2a7f928d00292e7a9963cfc6,2023-04-27 00:28:35+00:00,0x1136b25047e142fa3018184793aec68fbb173ce4,0x0000000000000000000000000000000000000000,7510218973986712877,0xbc766b0dc961544d9a2dafce5d86ed61a88d3d090a52e6101336943e2c2655ac,3575,0x398890be7c4fac5d766e1aeffde44b2ee99f38ef,0x9008d19f58aabd9ed0d60971565aa8510560ab41,8280244,2710409
0xfe18be6b3bd88a2d2a7f928d00292e7a9963cfc6,2023-04-27 00:28:47+00:00,0x1c073d5045b1abb6924d5f0f8b2f667b1653a4c3,0x7fc77b5c7614e1533320ea6ddc2eb61fa00a9714,12788064495169270151,0x44a78345b165a14b51a886095688fb7f0588fc59889db4ec1656d6f3cacf8194,34193,0x81ebd07c0a0c150426c6ed75ab990787173f83bd,0x1c073d5045b1abb6924d5f0f8b2f667b1653a4c3,941715,554203
0xfe18be6b3bd88a2d2a7f928d00292e7a9963cfc6,2023-04-27 00:28:47+00:00,0xf253f83aca21aabd2a20553ae0bf7f65c755a07f,0x1c073d5045b1abb6924d5f0f8b2f667b1653a4c3,12788064495169270151,0x44a78345b165a14b51a886095688fb7f0588fc59889db4ec1656d6f3cacf8194,34193,0x81ebd07c0a0c150426c6ed75ab990787173f83bd,0x1c073d5045b1abb6924d5f0f8b2f667b1653a4c3,941715,554203
0xfe18be6b3bd88a2d2a7f928d00292e7a9963cfc6,2023-04-27 10:52:47+00:00,0xf2bdcb1ec8810c35bf9b947371820c199bd775db,0x8dfc6ba7a7b55e5c73930b1d77d931b6f63a6ddd,669368202768544,0xfa36ac14f597ad88bfde6819f06caeacc9d9e2693af4dc3c46019c3317a8a2a0,3386,0x8dfc6ba7a7b55e5c73930b1d77d931b6f63a6ddd,0xf2bdcb1ec8810c35bf9b947371820c199bd775db,300000,131354
0xfe18be6b3bd88a2d2a7f928d00292e7a9963cfc6,2023-04-27 13:25:47+00:00,0x1136b25047e142fa3018184793aec68fbb173ce4,0xf253f83aca21aabd2a20553ae0bf7f65c755a07f,3809393630035079,0x248ee37ee31af77c49bf9b8a2d9e3557d027af5331afc107760e3454254833a9,7787,0xcfa62f77920d6383be12c91c71bd403599e1116f,0xa88800cd213da5ae406ce248380802bd53b47647,1014369,531308
0xfe18be6b3bd88a2d2a7f928d00292e7a9963cfc6,2023-04-27 13:25:47+00:00,0xf280a50841b898ab9cc65c517124c038b67416c8,0x1136b25047e142fa3018184793aec68fbb173ce4,3809393630035079,0x248ee37ee31af77c49bf9b8a2d9e3557d027af5331afc107760e3454254833a9,7787,0xcfa62f77920d6383be12c91c71bd403599e1116f,0xa88800cd213da5ae406ce248380802bd53b47647,1014369,531308
0xfe18be6b3bd88a2d2a7f928d00292e7a9963cfc6,2023-04-27 13:25:47+00:00,0x58c79d25b388fe4e6c40e1e400eb6e602e6c02e0,0xf280a50841b898ab9cc65c517124c038b67416c8,3809393630035079,0x248ee37ee31af77c49bf9b8a2d9e3557d027af5331afc107760e3454254833a9,7787,0xcfa62f77920d6383be12c91c71bd403599e1116f,0xa88800cd213da5ae406ce248380802bd53b47647,1014369,531308
0xfe18be6b3bd88a2d2a7f928d00292e7a9963cfc6,2023-04-28 17:50:11+00:00,0xf253f83aca21aabd2a20553ae0bf7f65c755a07f,0x2863a328a0b7fc6040f11614fa0728587db8e353,999730481360079508,0x0fe393ecff98c52e3fdd15f63d90d47ad6915c054821ff643387c87c726632dc,14,0x611199d53a84698bef065caaefbace8cf5ff6d00,0x2863a328a0b7fc6040f11614fa0728587db8e353,513216,309464
0xfe18be6b3bd88a2d2a7f928d00292e7a9963cfc6,2023-04-28 17:50:11+00:00,0x2863a328a0b7fc6040f11614fa0728587db8e353,0x611199d53a84698bef065caaefbace8cf5ff6d00,999730481360079508,0x0fe393ecff98c52e3fdd15f63d90d47ad6915c054821ff643387c87c726632dc,14,0x611199d53a84698bef065caaefbace8cf5ff6d00,0x2863a328a0b7fc6040f11614fa0728587db8e353,513216,309464
0xfe18be6b3bd88a2d2a7f928d00292e7a9963cfc6,2023-04-28 17:53:11+00:00,0xa2d40edbf76c6c0701ba8899e2d059798eba628e,0xf253f83aca21aabd2a20553ae0bf7f65c755a07f,999730481360079508,0x1d0a2b45783c57e4b079a6fa5a42e4863de1e2c001a0560b138c5c7574768c82,18,0x611199d53a84698bef065caaefbace8cf5ff6d00,0xa2d40edbf76c6c0701ba8899e2d059798eba628e,729549,444088
0xfe18be6b3bd88a2d2a7f928d00292e7a9963cfc6,2023-04-28 17:53:11+00:00,0x611199d53a84698bef065caaefbace8cf5ff6d00,0xa2d40edbf76c6c0701ba8899e2d059798eba628e,999730481360079508,0x1d0a2b45783c57e4b079a6fa5a42e4863de1e2c001a0560b138c5c7574768c82,18,0x611199d53a84698bef065caaefbace8cf5ff6d00,0xa2d40edbf76c6c0701ba8899e2d059798eba628e,729549,444088
0xfe18be6b3bd88a2d2a7f928d00292e7a9963cfc6,2023-04-29 10:11:23+00:00,0xe3e53f468d5658d217412203463246af76d7db37,0xf253f83aca21aabd2a20553ae0bf7f65c755a07f,8491636721856753324,0xb563dbe8d346700d4fbef7821a282ca789c1c06df184b1a1b6a6c4ef84163b6f,3837,0xfac983fce7ef3cee8ffb2ceb967e1b2362aada00,0x00000000003b3cc22af3ae1eac0440bcee416b40,6000009,623883
0xfe18be6b3bd88a2d2a7f928d00292e7a9963cfc6,2023-04-29 10:11:23+00:00,0xf253f83aca21aabd2a20553ae0bf7f65c755a07f,0xe3e53f468d5658d217412203463246af76d7db37,8491636721856753326,0x4759ef11b91c62d26c6dbc36effec84c560738bf553fe31f71b2aeace2b1b113,3836,0xfac983fce7ef3cee8ffb2ceb967e1b2362aada00,0x00000000003b3cc22af3ae1eac0440bcee416b40,6000009,755890
0xfe18be6b3bd88a2d2a7f928d00292e7a9963cfc6,2023-04-29 19:39:35+00:00,0x7fc77b5c7614e1533320ea6ddc2eb61fa00a9714,0x99a58482bd75cbab83b27ec03ca68ff489b5788f,1498341428847043635,0xbfa69a4f75f20fab10b3b2fe93ed11747a95529e8d0db8c1e179f79e8343cd0f,3,0x05f200ad90e70750110e02e73e17caa81383ebc8,0x99a58482bd75cbab83b27ec03ca68ff489b5788f,813177,500417
0xfe18be6b3bd88a2d2a7f928d00292e7a9963cfc6,2023-04-29 19:39:35+00:00,0x99a58482bd75cbab83b27ec03ca68ff489b5788f,0xf253f83aca21aabd2a20553ae0bf7f65c755a07f,1498341428847043635,0xbfa69a4f75f20fab10b3b2fe93ed11747a95529e8d0db8c1e179f79e8343cd0f,3,0x05f200ad90e70750110e02e73e17caa81383ebc8,0x99a58482bd75cbab83b27ec03ca68ff489b5788f,813177,500417
